Player_ID,Reaction_Time,Accuracy,Headshot_Ratio,Fire_Rate,Movement_Speed,Aim_Smoothness,KDR,Label
C179,32.60305378973296,87.4185051417241,82.98235977407887,24.05406433638156,5.008772478615874,0.9812074803168594,7.271898359116843,1
N866,208.90212633586916,69.00485097607339,30.591667086376876,5.009067072906639,3.964200670513592,0.8386041630740335,1.0776111309491665,0
N102,242.08960490220664,45.063928276577066,7.482266266214372,6.266034226881694,4.316404982627077,0.7737191281071993,1.5612044306162252,0
N440,188.47644029283427,34.73758038100974,19.207335739318257,5.438648512810401,4.387134410043534,0.8275024369405043,1.505052717673388,0
N059,244.2737139113073,63.424811318136776,16.458747006792812,5.039698371679455,4.515488148241851,0.84482129512587,0.6484519102414386,0
C121,62.46150629838916,98.46040237488384,82.54361614434433,15.579891016582522,5.171012249323636,0.991676726320156,7.775229006203438,1
N324,291.5255451237763,47.36574774974161,10.240178685843777,6.772697235394325,4.223450039650346,0.865798939743782,1.3840354437177371,0
N975,208.43752552280756,57.17550599405576,11.006102748580428,5.620384521486245,4.249942851092897,0.8265713820410002,2.1406178484949225,0
N412,259.05654010340544,64.40353551873635,18.45309937961508,5.482278857176086,4.741335154387088,0.7981596996518933,1.8689750256546973,0
N856,200.00283045787364,53.20086310703816,30.660175130385117,7.27363039349516,4.246651088584224,0.8358794272349349,1.9082588236718696,0
N821,303.1105470051916,48.56015348287987,5.429551916920994,6.721058807197696,5.073543866661869,0.7603524600890412,1.2986795375463165,0
N045,271.4097764716864,65.46379280099296,9.344326571248072,7.008141868037203,4.53199332423536,0.9000938589906766,0.9436898140022691,0
N050,300.05712537724423,37.73732671325289,23.51823567718947,5.112426243422909,4.263755713069787,0.849198681117549,1.8591245712126276,0
N850,226.61481862835237,54.00528108916248,39.4824413225341,5.476184738439224,4.459674674597563,0.8501307628350521,1.91126191445551,0
N241,229.0812731746521,52.44939200685319,29.013721430597627,6.068042083456246,4.474200342536854,0.8427156798969195,0.9395021400384792,0
N171,268.9692872092566,66.223655974646,15.415924411333425,7.877665812999261,4.331549970276602,0.7639676243737618,1.771161239130144,0
N524,211.01280843930115,66.48836086783967,10.222458735656057,5.092385783275069,4.408506954905464,0.8262983250754936,1.940949528958661,0
N766,201.7908332980361,61.55530660395709,15.58289569298551,7.821869269844906,4.736794295510705,0.8818509903355517,0.9293982790104544,0
N839,228.8166268723258,53.29274678857227,20.122694119768987,6.791027275667704,4.363263390487476,0.8615061547824823,1.6621076553574343,0
N424,259.4879525165172,60.143155258928864,25.416935798962392,6.10480879297419,5.23308394130574,0.9202028563497746,2.031337562954322,0
N381,285.06920494056857,48.35753325452938,15.223666778953898,8.084081486061807,4.5684403494502845,0.8635591495250962,1.2663486949222396,0
N610,264.2152774465364,52.9928087430873,24.337358460645,7.3863055955773955,4.410670118999372,0.8911697101483427,1.3885659487345456,0
N677,263.8769034298137,50.6318567995198,16.07286390834205,4.425456540078529,4.263561370958981,0.8241082540031135,1.0744790129670734,0
N345,198.93110147394293,44.29107025985372,22.91981123055396,5.985105146974022,4.716042134191588,0.7596557747958813,2.025434816157236,0
N110,219.9301362248956,48.63546683575295,30.43395427538922,4.641657195487517,4.389125663277499,0.8076117291298653,1.6785410254480893,0
N278,280.0132769426713,49.70412719830206,19.20084125133313,6.355887617490026,4.223321444631071,0.851723135301531,1.3797520042759042,0
N678,222.1245284706349,54.69670454003531,29.857314291361767,3.774260761837399,4.471316099399851,0.8311518954330307,1.8670912770548211,0
N571,271.0207790989296,33.276667790332866,16.91572128315091,6.452231311819876,4.3004538424363,0.8337959093313916,1.3589004851456177,0
N359,228.44499999747035,56.07205389294398,17.460916262248688,4.612327215968359,4.505315506227847,0.8598451469872487,1.946983435089884,0
N599,227.1801246023698,60.3859695874213,9.96232468856331,6.715408602190321,3.72403073758972,0.8053665064675364,2.241063644907702,0
N391,263.8954501268254,51.748461380376405,18.63874403954589,6.7622467078162725,4.256971752446593,0.8689393062695007,0.7448274249107484,0
N894,209.2864486884588,59.133680193775945,23.36031221239628,5.080511163932723,4.537107428304791,0.8261072993429333,2.262820627497868,0
N693,262.9850313722216,68.08552567970763,22.75785880229367,5.567697764151918,4.451121137968603,0.7561626172124651,1.176479937038374,0
N728,251.2563943781623,53.34514680243256,0.4608844635151321,4.11617225716811,4.228914094597284,0.8355371044765565,0.7155862870436013,0
N363,319.6524289143051,69.7202557098279,12.013070206979236,7.463809125958138,4.417273877825071,0.8671648627378545,2.0584283826700123,0
N597,220.66756292222703,53.28702512425281,10.818355658907262,6.320093425950951,4.556057392079562,0.8086158446855374,1.8169952148658397,0
N428,242.3983776922609,52.07497835200648,17.07316683112165,8.277387761783546,4.225440800559208,0.906552234989999,0.6605898282297558,0
N071,218.0165751497114,57.676824204578544,18.015977645845105,5.104690223178503,4.553319801469958,0.8413814962412338,1.5473441266028063,0
N322,253.3182174750032,45.25324445075756,19.94362328409532,6.899917078598089,4.727603674819772,0.8964464473736586,1.9780736939694787,0
N653,238.6006556432996,45.68979516250228,13.222679748386511,4.894287961513963,4.78194185203041,0.855855019972291,1.2526246194376094,0
C066,60.30303362987496,92.54510221458528,92.98680234517366,20.156619798741826,4.596044277242296,0.9898218922211108,7.99411648450125,1
N108,308.1629674753867,61.52784866308937,18.980571356769737,6.561334955857013,4.891383588191547,0.865735010062606,2.0497167933615392,0
C109,40.41277764895347,96.03124181514954,84.90607298191726,20.759518755166297,4.945690651381858,0.995413331175652,6.865218096542209,1
N356,227.65264879795387,50.12273006039712,24.53667831189177,5.645464828153012,4.256184933736002,0.7863517149344417,2.4655607209495205,0
N951,220.0355137596792,53.82572651266064,17.51812749330235,7.773774419923752,4.619565412981783,0.8075558268326571,1.4254791327715417,0
N343,258.66543230412816,67.87406686215803,5.5617606348723765,5.974457540073031,4.653710203407232,0.8661209636178683,1.1060336583473949,0
N355,292.2500590779405,57.0061740216246,33.526086614341935,5.789458101838009,4.008641872912649,0.8783470981831214,1.65328948054759,0
N024,197.4415826494464,52.857742254428494,19.66407756519279,5.316086805469117,4.27937739376327,0.8352658248642633,2.05884943052948,0
N044,250.1839876482756,65.99238867568177,23.68493739236967,4.119217068733011,4.806591651057702,0.7775745849178196,1.4022377337103331,0
N244,160.6035044791568,51.16583306118562,34.7876863199771,6.269737337241701,4.603896136283447,0.8488310200600496,1.226609953549162,0
N738,267.5299009249356,51.91076244084213,22.76886976573655,5.896926189395355,4.617296640283175,0.8443000869744754,1.7925680428671884,0
C136,40.988232134839805,97.27738160984592,85.94779461904609,19.37277814411961,5.281937257210314,0.992985461604574,6.887629663943933,1
N368,242.19964537409436,41.27291919879006,16.70401175151489,7.692717784127774,4.212117949077524,0.8113421787496333,2.05583085327168,0
N164,197.69203472486984,22.567951766901288,26.57061806704645,6.207743030306873,4.141702929867198,0.8284157424279879,1.345348312405508,0
C116,74.3331692274866,96.9207435415594,86.24420935511831,21.04301607565807,4.820790639695765,0.9754500483853108,8.686830978136088,1
N333,250.64045053853485,54.42182937154919,18.279129472920403,8.021221364364415,4.35193063327309,0.9140860898018254,0.7850154031913731,0
N989,294.6113349130809,69.70292638111239,11.629787611508007,6.283457732780061,4.995184451581619,0.7886338676068472,1.4765901661954917,0
C173,37.54677188451771,94.63659595651664,82.62266171587386,21.23082145193286,4.738067933505784,0.986869859567499,8.376973674823548,1
C002,55.28489692517806,89.07269372174441,83.45762208794775,18.513953045439028,5.176433179102019,1.0,6.620691107341088,1
N378,187.0158755081745,50.64908569516748,19.338864807151214,7.123159295208927,4.6163977509699246,0.759332148842754,1.8498231586032337,0
N310,221.75994509991287,54.43019335454588,17.45451125585124,4.5028987058686045,4.008204328304968,0.8564154003399211,0.818868897339954,0
N156,255.7602409868543,49.9506420003773,23.804072805897015,6.858452988284987,4.401823849659838,0.8579196162127,1.546301659814802,0
N211,260.2990139181618,62.385525889777945,12.93013625136064,4.832327595464918,4.333396331466041,0.8689456032536601,2.1502824910118354,0
N087,289.3859231803162,60.58014685919668,23.136370801617115,5.898704105393776,4.792006586748574,0.8971128702309499,1.8015536559942091,0
N169,279.3113305136169,51.21025015386868,18.591086706832197,6.202003664537397,4.7784891025769545,0.778628332568991,2.011197020398586,0
N995,271.2957992749958,62.146975261324165,21.520812050178417,3.5974586964038395,4.686456239039891,0.8065782845818243,1.0824094179437207,0
N052,298.26988500711224,77.8952757169896,15.438477335632976,5.89471707663557,4.233233306994953,0.8348373567968704,2.684528282951958,0
N439,227.22973334885705,61.7945571404083,38.77427357054671,6.05535256744731,4.253056328262729,0.8309722014361142,1.2511605281599554,0
N550,201.60881848610885,67.4757303420165,11.883735665456332,6.071897278955097,4.65358897243436,0.8778641502369281,1.155504864270842,0
N491,295.1140702595078,52.405617592280514,24.021201980164467,6.860679101148047,4.221115167541773,0.8119240325791018,0.291969241699253,0
N426,148.68833664455275,40.50612129148978,14.515877169079694,8.07501096109609,4.632672961737483,0.8223155433274969,1.2651410146041857,0
N136,231.19178943906456,46.20679428811663,18.11735615158855,5.95240301129181,4.652645168962993,0.9212404953454348,2.070573204390822,0
C192,48.733163948266565,95.53309865867595,84.04651620473703,19.274365463251183,4.79768437458483,0.9863850764534878,7.211173481501214,1
N055,239.380078375014,69.02013841154762,25.231833424323025,4.957564679889517,4.806397560381846,0.8799413983874135,1.0884089212496693,0
N079,264.2633481552057,61.08286387494809,23.975063984852984,5.2853933424869,4.926880373266375,0.956980823086762,1.8736512920096933,0
N431,183.59433135284948,49.20290548312334,34.885746924203715,4.990487924056807,4.283275483196432,0.9333304571693876,1.8073897463118052,0
N185,274.25481499535954,57.29121356640299,19.733848782309124,7.067731262901984,4.441998631474424,0.8973864830523055,1.5647253640418914,0
N057,265.39050599153046,34.26887469974507,30.28390109374888,7.447470209889033,4.471752491527676,0.8627876638484065,1.680292524428065,0
N943,184.310624107359,56.90307654554236,13.247413710566072,5.146661684449019,4.886052599542917,0.8974157173061056,1.495138806804079,0
N851,194.85601338337185,38.76730561417374,20.93705500020249,6.312701598562138,4.702266107811327,0.7745573367008812,1.440239768086251,0
C164,36.218649222885446,97.97453102961236,83.0602336259582,20.010934900750215,4.922925263119268,0.9903670873081016,5.692638107058046,1
N219,199.61171833980973,66.99048800030721,14.61849106853453,4.298801755165647,4.459302535159482,0.8052435825745637,2.5015312171653354,0
N845,313.6343150221248,58.28257923318801,12.176206317959313,6.050965454702775,4.110105209308227,0.7986595064516331,0.9941863267944236,0
N114,252.36334595686537,49.820381048405046,9.68031243886818,6.994386056424522,4.617883522721095,0.8956551692721604,1.898879186270328,0
N549,173.47621205849404,52.6113585538266,9.0929195135437,4.637299617332866,4.6920706249476645,0.8041560399513595,0.9193356369788144,0
C019,38.14299052423529,98.4816590669522,82.63318996510723,19.271987564720057,4.984927891946209,0.9832959935648048,8.324305980186004,1
C073,46.039842588029934,96.83024004196017,85.82770693648946,21.239064196254517,5.223195029903399,0.9867078804409244,7.786690849805328,1
N175,297.67044065922914,61.36530425644303,36.00077029181462,5.166565646850193,4.203416858210485,0.7778306794872838,1.334383930715725,0
C023,39.51609799410653,91.43451824651702,85.35482759260297,19.06295488749969,5.186123150922381,0.9862643435634808,8.121385889666618,1
N616,235.9852324872428,65.68895668748002,19.414709073883188,6.376308861622359,4.65798450920924,0.8412015520874363,1.8465744535300348,0
N514,281.4313709792291,58.25538017856964,3.428121820996644,5.84533180238817,4.393328162515256,0.9403828583024688,1.8158210103513983,0
N462,280.1397394174394,64.57691336780287,4.858492165021914,5.548167486742983,4.786259563778425,0.8683118138638022,1.5545456505865658,0
N287,204.6722581694433,57.33948540122876,27.978971700755046,5.393193171603666,4.388290334532515,0.8216163859583014,1.5081464906461803,0
N382,265.1266596158468,54.90763607899402,24.858788807809454,5.890267673744571,4.592473787031316,0.8558235599419409,1.256344447237599,0
C008,43.34880419556074,94.34893990215426,92.92286096877945,19.54811717909444,5.150155543451102,1.0,5.466858978489233,1
N671,314.1304621232292,55.171347389624486,16.563469007370863,5.638371201434215,4.475115723245002,0.9018604721657691,1.98389247385263,0
N535,253.8220766442344,67.45913906567786,22.974917510577846,6.104470617606635,4.156586808411685,0.7821713416353452,0.6468550744266266,0
N910,242.19979608333549,53.21156964756644,21.61149112869525,5.788958977146024,4.135562376907498,0.9769424695389896,1.284083379722713,0
N293,229.32455459671948,55.00839195187592,24.004802954083377,4.15637458893812,4.335026034355304,0.8699850709474533,1.6489680105348277,0
N124,256.7340651995797,46.631647446009296,23.76848158795612,4.927350584102484,4.74390554417786,0.8518526427285691,1.5603915169461735,0
N583,294.3936448841193,71.37563861179683,12.913418779239825,6.6536959469414825,4.382538076724599,0.8345071331907837,1.0505626008903175,0
N141,280.1174352025117,52.42876975398868,8.757392016808693,4.809429067062081,4.697970966411811,0.815275294024128,2.0922250933367867,0
N736,268.3503277554903,68.97666844182785,4.58258138469358,5.757324320212965,4.430422430977514,0.8392131948207802,2.032009377652624,0
N082,239.49925955015928,72.89265196211429,8.798694336242667,6.417199089101957,4.600916544881735,0.8930188469257564,0.3826801807152507,0
N882,215.0476286069864,52.700722334001725,15.640603786768946,6.669292673412791,3.962766156743848,0.808407565244515,1.1330530143156026,0
N740,239.9296906744742,38.933558989003735,21.438920887971424,6.771061783843367,4.665917178779641,0.8200411096228771,0.146008873273683,0
C102,52.48513782428657,94.340415986244,88.74102160591808,20.16674468280613,4.883449641682891,0.990371768597518,6.258137134119272,1
N909,215.6803134876851,58.67146797548014,23.084825268399257,5.224768222332882,4.459228352828873,0.8600351751289987,1.6669714758192202,0
C167,43.60988520802598,99.28943741691587,81.36464179767728,20.46940116975876,4.947445201464728,1.0,7.283431696881204,1
N937,244.63565757198555,53.98134363671854,27.925676115336184,6.206079659298052,4.380671465021413,0.8064901006257983,1.9865315654696567,0
N372,229.922982403032,57.881274621238816,32.893840395441295,5.187890253493415,4.623624456513961,0.8725463368564675,1.6028333727602149,0
N890,247.2410995804247,59.3302378318422,22.55839308288061,5.976747551806384,4.383318757009077,0.8252722437246948,2.613548030437457,0
N157,249.7723464337409,63.62783464039489,8.4864774523949,6.486860577271493,4.629479981049823,0.8540009620494439,1.1563755901816726,0
N992,308.82565721402887,60.356853794361015,12.621382965043914,6.290752370781122,4.675295474913489,0.859484997190391,1.1711897588683144,0
N622,236.714089530046,30.82369406361441,15.789913356966508,7.52002904794878,4.36915483103265,0.922791118703249,2.113603991425184,0
C038,25.07249410614904,95.90079626213634,87.60360682428843,19.87628846390981,5.018536765382961,0.9974893344348362,6.605617989227994,1
N245,261.3718423247659,47.97157286459685,33.04957871196351,4.045922046292793,3.8836793165984433,0.8559171660603367,1.9476353542311555,0
N159,271.24873886604735,47.65625613218069,28.319266530412047,4.641444749409688,4.491500739425172,0.8520801122434096,1.8593514517239251,0
N746,205.2948191525857,55.002922623710624,25.21783337061997,4.783100745359739,4.234983819931986,0.8900578054925852,1.1770962203309323,0
N193,247.1564239533833,55.35342271365544,16.69993304738066,4.69805822636811,4.803905362037207,0.9212737750613024,1.6623051672234772,0
N534,260.96954465524954,57.36306565006741,9.936771226605003,7.13395729941757,4.384083823712001,0.8929461674730909,0.9822034041861822,0
N904,224.13309470098037,56.22926353481451,22.64871030385473,6.769627531604988,4.505717594833587,0.7915709892007202,1.6522985480137058,0
C004,32.96586533038813,95.0303724059249,88.55141994608748,19.49071451869874,5.130679138765937,0.9755969646962102,6.342351277830682,1
C070,28.4083872021654,95.96399350801347,80.62737665629759,16.191185502059554,4.795017718099365,1.0,8.140300626793856,1
N414,214.8068767621689,57.50309158969771,27.172809902077816,7.223129451842556,4.814098331363409,0.8265611240365036,1.0938979445154595,0
C187,51.17643130628134,96.2590363784615,84.44571830276608,21.98939183573764,4.811829484561796,0.996397354967162,5.83552007527716,1
N328,230.36534126537745,52.96951881899165,23.58511102900124,6.047006880482061,4.254441528044064,0.8323336426329522,0.4710393204364751,0
N129,213.59260916539404,61.43511324935562,14.832371485636266,4.200753656917038,4.921599822384828,0.8770314725228985,2.248199688438969,0
N695,244.68104836004335,54.35417496687326,24.109690856865555,5.554813885369612,4.135998875814219,0.867632533967187,1.630927754788611,0
N631,173.44211578887845,45.51543141709254,23.65518048053073,5.296067519416376,4.4764395757389766,0.9163332013830474,1.6012530656826425,0
N275,254.836613317794,35.48433376203614,19.705211954886195,6.636246434138112,4.883037758316357,0.7430172349515145,1.1295937181355082,0
C148,40.66442326411212,97.88484555745266,83.63293183372944,19.960191171470644,5.124810363187765,0.984313832017176,7.2437556221100605,1
N309,242.59784589953915,53.84985632666649,15.202160856517787,6.823587412397067,4.319159251272191,0.8688112864860307,2.1489290126466534,0
N234,209.5585701437689,48.65562056296952,22.54194020061115,5.2941265201499,4.603764779776141,0.878896978546368,0.9764918219546224,0
C048,53.688393350727736,93.92581447107418,89.61153052438391,16.60601016333238,4.979241112610919,0.9852853547691182,7.067463147742942,1
N623,260.8201949536336,51.08502189763489,19.355776728654615,6.38991597965496,4.62485005952788,0.8338731263058977,1.126404236617217,0
N644,204.41934878664483,47.24665141787113,18.02661881609252,6.845324372439898,4.589839917372907,0.8657551965578222,1.548675522304635,0
N479,197.80215469420608,67.4694565646662,5.052253127621079,4.625674063615515,5.041311050487163,0.8861226945883176,1.1332798695541153,0
N472,258.8503476900855,54.103973228167646,21.33397268887331,7.195503984395906,4.684670466151809,0.8522847858832131,1.7356498339908797,0
N926,231.99492095829515,44.34423246382468,28.47193249634144,4.951814804929787,4.613719237703687,0.8360210597445451,1.3786487824180549,0
C098,40.57371820131495,95.99853457859294,85.20331517084416,22.245825060501662,5.285317410470779,0.9877192574939122,7.294212303549798,1
N627,288.91041354776047,59.277232158251856,26.09340563658631,5.510914134571428,4.063040944683469,0.9183845193920012,1.6149385723671563,0
N395,276.99790741039106,47.586325783179326,7.527467758519796,6.810636446924977,4.522826711885807,0.812448220339586,1.6512661314631647,0
N637,192.0868710977392,72.20703086078112,15.970749894999477,5.989836253736836,4.67129431669991,0.8591541961461252,1.5976424014598192,0
N768,244.28663912826016,59.64785254018498,17.71633250538371,5.618816597459927,4.1251129770711525,0.9346154729661768,1.3939629704522172,0
N533,271.4678718329807,47.591292401110245,27.570663728088693,8.345808710999977,4.286203394316567,0.8627358615649057,2.1257106316652687,0
N718,254.8090686212607,53.05534654010611,25.254324591221632,4.958189564491939,4.067327298769925,0.8225276360280874,1.8876322563822865,0
N667,206.0898873842148,60.65548071427145,16.487645966816647,8.031920448833874,4.748162177945623,0.8587728350834009,2.449006177979617,0
N598,230.6455585814142,56.41091608904982,33.69004625042089,6.450631636403547,4.227352182711933,0.8386471075781414,1.2759990880905314,0
N482,264.1541035163566,55.99664505695675,6.748478682573765,6.081891279098923,4.473669423670303,0.8747422269327202,1.4892587431785915,0
C103,33.07654696616131,95.10225798197683,76.88185136806521,20.332740745570057,4.9255551385187,0.9924094002825292,5.315788315382649,1
N315,244.4750688837057,52.31874720438581,10.490562254183716,3.928381355904505,4.19894829050898,0.9506769332545586,1.262146910107585,0
N729,229.03653618879525,72.02550517006215,21.22180884727575,6.723619952309855,4.617743256849938,0.8245709813584003,1.7437931928645023,0
N210,267.16666504722645,47.11301127145366,15.043804196100009,6.3272668475339735,4.358162182050902,0.8137324280297554,1.060112091536798,0
N934,255.6757904599616,73.64417795280167,10.49220713107223,5.450690142982596,5.259291970177893,0.8320487092548295,1.5816897610347422,0
N434,226.79938325812563,47.374999204406606,17.9632145498817,5.441053550149912,4.71517766803638,0.9454421187160316,1.2249347709963128,0
N329,243.3685501112507,50.11194744475343,20.088761575937017,4.320341215685421,5.384568874769197,0.8323275839378289,2.294437763562354,0
N261,273.7339823277331,30.19553984876026,28.56322697359884,6.615171669260517,4.673649250717359,0.8619655515222558,1.7850411409641278,0
C117,25.87578603163141,89.68003986789134,84.97951706339293,19.535900130995252,5.062240055469138,0.9909046522804972,5.940594882151024,1
N307,222.7821501905281,32.820581606317326,34.10468856023542,5.338979723764525,4.405294363230108,0.8087083212010406,1.497535623920113,0
C067,44.06751387035498,93.7062812033284,87.89918605568705,24.16953380381539,4.865432047504557,0.9947032327378958,7.514194128467538,1
N928,225.279678205282,56.671775030914745,24.25038298045856,6.359630538679148,4.5636376420256095,0.8862068519098774,1.8597025283318336,0
C025,36.43934513459756,94.49363262840872,82.136308073245,21.397051775007945,5.19250075480752,0.988704940726187,8.60519222220682,1
N271,210.1257193191772,44.10545749446122,29.131142189639448,5.403439521189593,4.24122071333539,0.8782865661950471,1.5889053439515235,0
N291,164.94151397058027,41.70604360972365,20.56591648550396,5.357176303139337,4.737604146387274,0.8847614008752342,1.5973108253441255,0
N813,245.92609538430477,58.62777877482159,36.24036844119215,6.962317851976427,4.444457008167092,0.9086359108097012,1.6532142308937932,0
N097,284.262370565199,38.00275031583435,13.111304521638475,5.086075929536825,4.455906550325281,0.9478565586147004,1.57955645659339,0
N888,233.30093544491464,62.53963583985304,20.321897014423957,6.318981428011949,4.946236802321168,0.8697238476988475,0.6136069973133899,0
N819,220.56802905234247,62.52275592245222,10.812293688430891,5.2311693418422935,4.525534893401144,0.9109184889890612,2.2257688230205988,0
N032,232.46044693041853,57.5083044396801,30.098283070621072,7.0770012191807625,4.445674479278413,0.8801574212088029,1.7230098022958769,0
N763,227.36876897637777,52.06910184263497,16.59295383764167,6.97058147397087,4.309408083547906,0.8166732356257408,1.190306248941018,0
N954,230.82121642782212,57.56207714201471,29.955868586667727,4.76046286951358,4.8483777878016845,0.7694091245404928,1.6960044678356,0
N320,198.8599493531269,60.07810130096188,23.229149375488493,5.065358683757903,4.204740893967338,0.853789746757472,1.2462945861855697,0
N299,180.08383953010517,72.05643893551314,10.98568647156959,6.711767863736378,4.513846216289065,0.889763215665373,0.4629613925413198,0
N200,300.8575607513143,61.05666541564748,2.4523022944508632,5.046983478834511,4.496389171523012,0.8588674372311303,1.267167097092792,0
N561,272.78235209934303,61.149685032617256,12.941482165993946,6.355740724422475,4.670355835935995,0.8811759264855503,2.1220280096849926,0
N179,219.6039874045619,48.99579235509018,10.797745618881844,5.828478204676605,4.39059301138815,0.823841830104546,2.0765306217236428,0
C132,44.42062076459538,94.98176129124742,88.78280184347977,20.73672623771836,4.674773258569728,0.9881357354826894,5.730280775298085,1
N089,283.7913659753964,58.86678658664572,30.26731106115889,6.146459408283197,4.466977819927526,0.8761610989055794,0.7030863574120759,0
N788,155.36572392143682,57.26855119977938,12.601823657462331,4.23070571650512,4.877639720546767,0.814585530658934,1.584245427721464,0
N725,252.05634802257848,51.305106664123926,21.940369559836128,3.753389340848808,4.736320090531304,0.8213651459396625,1.705389201346317,0
N827,231.01738176827644,65.81422314086561,29.898378542738516,6.250439959355292,4.331417905250147,0.7408139314707637,1.3757709875626596,0
N209,324.40258074657646,62.52476623362183,19.448760354067343,4.56756509702894,4.395386087341486,0.804488734425445,2.4059732072336293,0
C040,49.89907967952217,88.90786738714202,78.98622668972271,21.189072405248453,5.5,0.9992615319703476,7.676061403473232,1
N297,223.6391840864216,62.488742228869,4.75594299611269,4.47428327095668,3.967568273374511,0.853736714066626,0.8155510150496633,0
N998,185.3687592940047,48.50323784086156,29.602491463981007,5.986812204517712,4.458581027969713,0.8572004402157597,1.216946120749029,0
N498,235.64223187367168,59.17151043389424,19.545846426539825,5.663113036804109,4.599972535328859,0.8735848144443744,1.190699719233377,0
N835,266.69664724749634,59.62850066878324,12.96268691440355,4.162649913385724,4.548652944620304,0.8362135548790447,0.3185923732126008,0
N430,223.9167165650827,34.45457429607407,24.54123174515777,5.177736721640454,4.69476406610697,0.95956292506786,1.459984823985035,0
N507,290.71875936066647,58.10941563082151,26.92172687384144,4.591304354696248,4.059878488454597,0.8009081683525573,1.907952115853144,0
N831,301.90360250286363,71.50558994731752,14.937723521519867,6.493474558503541,4.682014547222615,0.8321131676261159,2.0195817048203017,0
N694,264.65895921661144,55.89697247370468,26.527404102856124,6.049654116615924,4.536187737767348,0.8211317932496826,0.5457254932191223,0
N011,263.1853168302757,61.93366392243364,15.4700646256111,5.196946119775775,4.495253960563618,0.8005169869671483,1.7816301886537889,0
N848,349.03855995759614,74.28873614574997,14.979117364880366,7.499858841784421,4.370550979523842,0.8449919722629681,1.7799229370450873,0
N463,244.14878650428972,54.525943340159735,29.87982789759819,6.454627374774737,4.475263103694976,0.9036028809492818,1.0833786057234198,0
N199,270.96023545821384,71.72714127244737,33.45032791024905,6.336218686930327,4.304708242812155,0.8692029054674425,1.6400714303981103,0
N060,225.94233368770963,47.26293260344982,15.671506608619358,6.565330023372581,4.067573266429267,0.87140348550471,1.9439508596023507,0
N907,266.7698087582605,49.031820043016,22.06153915016876,7.070734572499043,4.778097716578603,0.7312071872065155,1.7320144927155805,0
N997,282.27192460233493,70.72697538754637,12.9980120210206,4.959997636634034,4.547106935944635,0.8539722789411138,2.196688233379825,0
N276,204.88655639412377,58.194213142698686,20.335635600810384,6.6668195607360285,4.589466312625629,0.8926907699948334,1.5055131392748842,0
N809,326.58246978711986,49.45163810821055,32.720139849804816,6.601316582435256,4.089640940950332,0.8536721999748275,1.5649143193511756,0
N908,215.65869208229324,60.79389545339946,21.74407306884524,4.690885968554585,3.9266450274735822,0.7630776308192321,2.769737605628345,0
N658,325.1057971983013,40.44572836526134,10.749842921985731,5.160735197784623,4.82489197676505,0.8511108979463183,1.05063812302589,0
N957,271.2313373764841,50.149112091959495,23.17407017880259,6.55295198558,4.227045185767553,0.9032770665346492,1.4342514284627774,0
N886,321.4509190078718,67.50010818835398,21.429624419706105,5.316917208152179,3.83080936087238,0.7959147832219128,1.9697076110720453,0
N221,188.2025288328213,53.56571429341631,12.28401800237918,6.716545985566771,4.53253643771108,0.8468541326922098,1.1294961041397042,0
N789,155.23220064229548,55.069466549463314,13.939066813086605,5.474709028770423,4.57776290477426,0.7920557332722614,1.5177398630540682,0
N712,234.99724169534664,43.70020143127525,22.60984959679282,6.129243608031809,4.805594675362598,0.8596354880431474,1.0228228023661394,0
N714,245.4441769335585,59.4093427410846,20.84024872357478,6.558832026776315,4.488700106505349,0.881732779735749,0.947762995831398,0
C113,49.81338730817985,99.00343922268353,82.27318981455663,22.390877945314557,5.25169359099491,0.9822262799823418,7.471339280463642,1
C191,59.59167480311291,92.61375500421696,90.92067542766624,17.4978553323273,5.077376457569698,0.9994631406246908,9.1530622373307,1
N790,294.0139202921401,52.203612540633394,11.705823698978753,4.858062705291383,4.638272895092993,0.8602540776118998,1.4210503598002926,0
N416,211.63503988619655,56.25372520882289,14.58399462939698,7.130280877513574,4.11919797601238,0.7663428749989919,1.6785279406239615,0
N899,244.67715330861407,52.64105070688591,25.84736770047185,6.065799016543851,4.547888153061956,0.8898550377028842,1.311101687588739,0
N935,245.7488466606505,58.26309559856012,9.06306835889823,5.671026817140635,4.162420025447391,0.9617725378806355,1.354589900616282,0
N266,312.61104047656625,65.52786883334805,17.993088031217354,5.901331830618095,4.2854644197968,0.827338541991115,1.209986215389025,0
N632,207.1774989298642,44.92035159792583,22.019609103366683,5.767031279156254,3.9194788094767783,0.8620533103928986,1.250314299949793,0
N248,243.3729874393924,41.892927437696,14.61755421808365,6.621061078699749,4.222529137320433,0.8742542413268547,1.3881829076913537,0
N683,244.9625505933309,50.76486277801622,15.24312952762828,5.276386767638332,4.777515535588982,0.8632768660530629,1.3607982967013823,0
N559,243.02766160185664,54.41991966592458,23.641555243134096,5.889991214751984,4.881556539349392,0.8424499498862167,1.0969205221930076,0
C137,43.49740180881996,98.64701549416608,93.87326078604848,20.159066043059497,4.866026116011385,0.990910293895804,8.81820116806473,1
N968,210.62783203846905,54.5243603132432,34.75560500382031,7.273739274356254,4.160254741107941,0.7831650551135846,0.9539048619826398,0
C005,58.06985986227436,95.2225770099352,83.425572849185,20.491119528548676,5.188169531863336,0.9989902605866716,8.801616656131154,1
N985,166.3715663531118,80.0,9.892625374259996,8.102245912176157,4.535851990709315,0.8500992878747365,1.5597319385114945,0
N295,208.77628982273475,55.512497304009685,17.348493438593536,6.391539971411658,4.121564086887193,0.8220645771993995,1.2014968119394382,0
N520,180.0816519932253,71.65081096278445,25.7133707754684,4.681954255640561,4.739676205573328,0.9265526670266648,1.6851725563462028,0
N771,344.9150815224505,50.13617738844952,22.19918090089028,4.891444284661672,4.392426654082627,0.7934587365576465,0.8064731715215603,0
N084,260.7888860940369,44.71531249752928,14.43755038773931,6.969963792774375,4.433050195196794,0.8939638953114865,1.8376823978488308,0
N232,260.86138511056333,60.23339523218939,20.32345648306226,5.763194207578809,4.693314513614046,0.8645973837491977,1.0441723128257343,0
N621,251.51238987723556,46.17471997450933,17.138511320106517,6.9545810121184015,4.699317196449041,0.9091763750635652,2.1348143162969766,0
N334,202.75995646681756,60.55193228385406,29.763229103988007,4.927684667765627,4.280170326534496,0.8287936421182683,1.1277142674557463,0
N130,148.56002747562025,59.29238415526636,13.63453971437334,7.743958601666753,4.543131432600121,0.7530348252963897,1.2921556729921524,0
C012,34.652398629622084,99.61484519110996,89.3751958702354,17.341309006419063,5.002880789945422,0.9951588866298756,6.692961636448624,1
N645,247.17147910909597,39.62938527977787,0.0,5.476855004273889,4.493215710649591,0.7615077333426712,1.5908547106246378,0
N974,228.5227228467699,61.27430308090516,23.859346919420105,5.861305435737904,4.379849027288156,0.8727501403407507,1.9668928933727856,0
N383,249.5961131541311,57.68430829854023,35.86092896869164,4.813961326126005,4.548461759792131,0.8716439197590413,1.1800603412773412,0
N868,271.3826689780066,46.59419159777778,25.984325093952936,5.706118139428381,4.53641230213746,0.9158960683039242,1.245858850690717,0
N543,226.76359857163044,43.11718864896861,20.0827621619838,5.644466947159264,4.512341894036551,0.7546481832968723,1.954690276132696,0
C194,45.7770571544174,98.80695777844862,73.52337880479527,17.821417859982585,4.950447836957665,0.9663538600539956,6.433129979849342,1
N875,260.6367730155592,68.55297091431203,9.52790004685762,5.6068209992359614,4.240892238156306,0.9402874733543888,1.2465675247208396,0
N332,262.5038564256988,35.74315425003646,21.42653274582729,7.398652970837567,4.491116016859689,0.8969941484808794,1.050080925606563,0
N410,259.4232453723566,58.77944360692173,36.641971006805136,5.619939071010829,3.999612647983512,0.8890274005792471,2.0149898269075184,0
N077,354.680723021971,67.5750648521853,19.390748360960387,3.288800000462985,4.259983656803473,0.8334421792195573,1.5844870793673684,0
N869,238.27125663722555,49.86167714026132,8.825516289069023,8.591229207823039,4.491714463709092,0.8514289902814589,1.7119297404001208,0
N139,296.78966807841914,42.853646557633134,25.734440100507022,5.096228229490405,4.3791473990297485,0.754614180608634,2.470005660586269,0
N544,198.9129148833637,51.915908842777526,20.48413375400735,7.035300624050006,4.589014661203052,0.8745312308729113,1.008841830586049,0
N674,231.5766622472552,61.03420636309864,20.058622774655426,6.596083567193183,4.133314034068628,0.8790486054931291,1.724008708599047,0
N921,229.6288466927053,57.68349100206686,11.141412237187124,5.424720437957276,4.352401667609563,0.8932692925826786,0.7933666065922428,0
N064,280.1289958271839,50.15642263897282,20.28784817262316,6.579481494098525,4.682809566892963,0.9510991286003612,1.886197584682312,0
N142,270.55950458821803,61.40899843360444,21.231006736583435,6.375559039560785,3.717701075927652,0.8068652242738603,1.1629623084171157,0
N717,236.4907760290722,65.94774063180762,27.249638403371478,7.174203947943285,4.228132726618304,0.7978819796389063,2.551036485131282,0
N377,214.1386196785916,58.63646653403114,13.547500988369489,6.552256015421994,4.3556085167629925,0.9223159254971636,1.6488864579006448,0
N364,250.04872436745225,48.17900489925766,21.29896637823285,7.318023031835279,4.599323508907258,0.875966315225169,1.4687211324632423,0
N140,240.41023773927236,50.5134665684105,27.08854086894512,7.837615575448075,3.925133341297541,0.8698388093416137,1.5249249598255568,0
N885,228.6382599936417,60.15896220299628,24.905487003615264,6.360478140506317,4.316846429359147,0.9154445341851768,2.0162284050287718,0
C042,44.03687947955226,99.01107962689044,85.34914170009792,20.624916209474968,4.788410386926744,0.9904384656459116,7.617216810922489,1
N225,251.55353399733127,36.0289965809403,31.920580114589228,8.297819749357382,4.127136671533642,0.7663784389018794,1.5338424848160466,0
N515,294.3973637652164,58.307446010394216,19.032629124133585,5.467602532739151,4.920344911700614,0.829211763100905,0.9011537116183732,0
N267,231.16224866223936,46.42351692150199,17.166391884412214,5.569706892076166,4.404291628005764,0.8484524564550621,2.512659174680677,0
C170,53.58750603143119,95.0406420737084,92.29045756611391,21.905503568734005,4.822302355712484,0.9937310574829636,4.907318231474635,1
N487,278.1864942504394,62.85942402454257,20.249358428243017,5.4826185088529495,4.333520631307219,0.8579234229882773,1.919412566871304,0
N353,216.06673069883368,52.68571873116152,24.617489045120465,7.4743427130817235,5.118061224531366,0.8015836014210952,2.085146807302493,0
C006,52.23044328980854,90.94705109517082,85.15647181694965,18.71875151790792,4.931164384170581,0.9719601747538628,7.770390925794259,1
N618,278.73157715960446,54.5862403965279,19.499343691758146,6.852925630110882,4.136636279161457,0.7851514929124005,2.163764852868235,0
N668,198.8311465174987,61.238651170241134,5.077483399949305,6.824098978615058,4.623470964005272,0.7988817940665771,1.046642585794613,0
N775,268.50449520619804,49.48635693725377,22.95162584979485,5.600836547461892,4.64068578699364,0.8733021078535573,1.3893991963796466,0
N554,293.01732303908466,79.81482398779158,9.696659887787952,5.416854124880208,4.661110900336657,0.9242341978799518,1.380063428818549,0
N576,325.9267387455622,72.21527238576455,19.508625144683307,8.148220420073693,3.789027100215255,0.6961157967014172,1.317981113952443,0
N915,267.4799097262462,68.6587625775031,19.75857272474436,6.881272377109095,4.529411321098637,0.8174633927256894,1.5798943574798745,0
N466,223.99088933438756,48.15194460224917,26.400441082145413,6.442009880528593,4.343011357690605,0.8383130096830437,1.5405882576808805,0
N591,259.60507530059044,61.425281719342976,28.691787704726902,6.842744652006674,3.843070982992139,0.8881552500417502,1.4983299972689408,0
N765,209.13302024087585,58.63127020959266,30.36030407451776,4.771649525963271,4.261896693050842,0.9229768869635004,0.6971779440217815,0
N635,230.70910880992923,57.06532831912707,27.861347227472024,4.570378023962393,4.727947454811082,0.8362449167204112,1.726011858401849,0
N838,231.748901203858,50.9733801504829,0.0,6.556797914117887,4.368411926761866,0.7962246014050123,1.9832556496452511,0
N290,283.5421821056361,46.507058330967546,19.093311084569383,6.705168415788025,4.389205019603226,0.950649948973445,1.6081438218368649,0
N040,296.35561414450007,59.877539308074745,21.471852644299368,6.738881895254846,4.882667687153962,0.7677509949188791,1.484831091536028,0
N031,192.153131457668,58.57478343457945,27.790234088905407,6.0738550185055,4.321986213743717,0.8359138324454672,1.468619493125639,0
N243,323.5240007912937,40.979975629833504,29.872109875954276,5.699102920613567,4.542562673388844,0.896227599194206,1.9354301264612688,0
N429,219.24326116348664,45.81344080706983,0.0,6.00938979216692,3.780816734154937,0.851959803737269,1.9048576353085995,0
N137,222.9942061822117,50.24404371232471,12.062993640759837,7.249557898716762,4.9317699588183,0.8612024135440086,0.1703214649219699,0
C101,31.928991713502484,93.7124242882362,83.38223880974596,21.72531936025556,5.010670586201678,0.9742075265521408,9.296010413277823,1
N865,252.36424186898805,61.938783385970105,37.60153799151603,4.763870490517663,4.773242540285867,0.8131158879941439,1.5890091169003902,0
N004,230.44081525358172,67.06306472059191,19.638233490937765,5.89836953329484,4.452799085104054,0.8006523097976878,1.3761748774715947,0
N833,226.7099027730141,55.61242975603852,1.941023283248104,6.917932478952013,3.913101650340843,0.832308873802953,0.3174417754162189,0
N603,216.91916714926705,49.48266433698586,9.658874007048826,5.685751862769916,4.302022228386351,0.8938537951892724,1.1735386671822423,0
C034,46.73109835046698,93.75952556792714,83.9769415252645,20.709879778732525,5.029558613384348,0.980260946241244,5.884226047229075,1
N655,220.27909404249107,45.90175134205085,26.17697369357897,5.871483813345696,4.7582462776746,0.8337365281537095,1.3844936634891225,0
N844,260.1486571152478,48.698828660484885,28.867831912917147,4.92262984111411,4.583156787997742,0.8507064702567247,0.8243684870434785,0
N784,250.90295512701172,47.51751850937884,13.344770887639108,6.601290687630942,4.676155050452322,0.8876561176597169,2.564070247433439,0
C074,41.7692785376426,94.07037887151856,89.22390877553693,21.958922187980832,4.976173285890278,1.0,6.53399989223939,1
N443,242.1705078323098,51.09262940583501,7.64636195411493,4.672035040711205,4.05441536609148,0.8684529526427801,1.2821996571897458,0
C178,42.86643397091901,96.39484426872096,84.929381577273,19.660992467472923,4.875078859605198,0.9631873654288392,5.96710723729154,1
N436,285.6197920080512,47.59476112939531,23.81855581350918,5.156283797002734,4.545341765905775,0.8922895855376903,1.7944098290624788,0
C169,37.067569228853465,93.9632078840235,81.67980288491852,22.442537945942348,5.123687117888019,0.9976819688596524,5.949465423294022,1
N101,247.69244658987023,62.55487890261913,14.016805573281587,5.275475024597053,5.210035974060433,0.8445330105805722,1.623078278452001,0
N773,226.3513980640296,58.288452764918986,7.678712543663099,6.506085504010745,4.238513313062716,0.8635580124217689,2.480628112575422,0
N495,234.72321363122455,50.906869651931785,26.98463550080645,7.294779758187349,4.3981987480986575,0.8173026005735058,1.0879506486308903,0
C028,43.091963932118375,97.34014476597794,85.75116052421286,20.083025281164687,4.943611424348822,0.986084584732959,8.161179776772837,1
N807,169.70727376331118,58.85699915303191,13.000880003862068,5.941699898949665,4.634337977425277,0.8660021845189847,1.4844051461277612,0
C142,30.46574217377444,97.02429917980018,80.09017790738149,20.58767132160288,4.907478039265502,0.9914347504457612,5.771418499585213,1
N846,220.8795270734569,63.92420306205208,29.696181701571177,6.458187400217234,4.738504586271822,0.8350044009852733,1.1126319895439956,0
N987,290.65483352232263,51.409654772543256,21.99348971069429,5.4507728730416005,4.323076909239844,0.91724858599436,0.5942024739583411,0
N228,311.79091911605366,59.88017585785584,26.737151262845757,4.472260587049061,4.416536863151439,0.7705908310117117,0.9653612698649744,0
C193,28.097899155973344,92.3190859660223,84.29033058285283,18.28940175095276,4.6595924645790685,0.9721233480088672,9.07578161146576,1
N672,255.9889821194928,67.45754234826695,20.666032659462545,5.841548705486255,4.761468957278516,0.7803055471269209,1.118338699116557,0
N859,307.43843029989387,45.57328754341523,22.31100011959094,5.043467680369348,4.173597263959544,0.9473350739607408,1.3208273465661244,0
N925,281.39017139846374,52.439359113936575,12.98492651095852,6.931177309922335,4.639693840287546,0.7994256736318048,0.951648955966343,0
N067,256.9166456159396,41.68729292920215,19.337135044101668,5.02806682071703,4.759493738693221,0.9138777405664092,1.7827622341497478,0
N068,240.77325623317915,64.49246886858,18.972108552579307,5.370306974415167,4.360887580830945,0.9448560488796716,1.5539317078802417,0
N817,218.649134081341,50.65079959567584,10.021395372118151,7.032056537890668,4.741965738614,0.8334408918308698,2.2669259609576424,0
N212,228.76499949642883,42.39531880273562,19.09812093245376,5.775708008146247,4.527299860357197,0.7347943480073661,0.6908583033986682,0
N013,293.72926825227063,35.6732672930296,23.109968607558045,4.715071644925029,4.336380457963059,0.9104261074464622,1.2978935140407175,0
N494,256.27240835157056,74.00472131758549,29.623388571328423,3.786472907316413,4.368846451560948,0.8820859863924467,1.3107563549807315,0
C165,51.65050135942388,98.08259487358464,88.81323115878095,19.06498533198284,4.881777127629205,0.975899840845651,5.989073271393288,1
N300,309.9602301947847,50.20350335549293,15.4959248284062,5.062047755412797,4.5036821529476185,0.8738039851297641,0.7572638410394154,0
N411,203.51347219047952,60.01127243766916,19.63712464152742,5.988533721767903,4.582546560305823,0.9145482537547456,1.4447254154742148,0
N757,283.26399464698403,58.74538373029127,35.73926378956216,6.0741208283411625,4.776144254225127,0.8936266467105538,2.2925952834776657,0
C075,39.2435104889728,85.0,87.63751999042756,18.39466200334857,4.887149344870556,0.9802067356690178,7.322867649424463,1
N696,127.07287148241804,72.1444252367506,31.887961624530064,6.479944354291573,4.296434121867454,0.7669518875617638,1.8807605959934717,0
C151,36.21004451768504,87.63216177468522,79.4336441380316,21.487625664293613,4.7931337678451325,0.9842229164040236,7.251518241629773,1
N724,252.38097035844004,61.99484909086404,30.12478486790738,7.28430841015685,4.979805079162743,0.8931331001917873,1.5408677481376187,0
C016,42.178635524422006,93.1590784449334,92.18450396235438,25.0,5.013162372288539,0.9873442680932776,9.451767944790314,1
N528,214.51718574705671,43.73278784686429,18.55244028154905,7.492495880813943,4.761617125374326,0.9231015115549044,1.5832324436567518,0
N600,275.1751066587047,41.19171090258944,21.90299863179987,6.589653881303411,4.74284531564613,0.913934169016954,1.3968315888253269,0
C120,44.68585764325261,93.030832393824,83.46409998757862,18.103714155827404,5.2725305561474345,0.9925172962036498,5.501432801889719,1
N567,310.69641830514684,47.53432178420595,21.3750496140294,6.8981181938558445,4.89401637955891,0.9028364744263112,1.112717734542087,0
N731,256.9509984594848,55.57090222452285,30.316462526246585,6.584551788298195,3.991854633356699,0.8666711561507474,1.4004074329990457,0
N274,263.09951158591167,50.51485026077438,12.697707493471878,5.8399981970147765,4.455010541387851,0.987005382940795,1.829044891977158,0
N967,214.46750495336207,50.29441343147002,15.678766046832624,7.095865572192848,4.612360334555069,0.8081665507659163,1.068417086215046,0
N238,192.1293591464565,44.862828188625485,16.377386017779855,4.763995768510895,5.2113429909453615,0.8728343162554228,1.9444750883025368,0
N406,304.19207157120974,70.16799325820234,28.48640665857392,5.831684287303778,4.731837371899076,0.9284599186114636,1.9676281736306565,0
N003,249.05035683052017,40.28863728573547,16.65425866684469,4.395945194949813,4.540518973180261,0.8429489214138288,1.6213277228954013,0
N007,262.9728826629212,51.54841982387176,22.53707404412432,5.963392360949766,4.530512293487701,0.8731830556934637,1.1634778366313372,0
N312,192.2896937079906,52.54311677534558,8.236833839763234,8.057144386165369,4.601328117487439,0.8562915661377208,1.3433299365153872,0
C091,34.07820689958228,90.0711228241855,79.49861776180134,19.26257634516868,4.797711095678687,0.976227460554846,6.922718501624834,1
N452,199.04571770714352,52.584169702676576,27.10371563813288,5.98931867747858,4.252604912239566,0.8053379913968031,0.5935909535405617,0
N722,275.6336616250412,61.50399830705643,26.59602088784308,4.3227020190323415,4.432791712171713,0.8716225101320636,0.0331511053890927,0
N216,182.34899120475012,48.0384620375088,24.604885062074537,4.937289611105088,4.173918871650469,0.7876123898586185,1.944328121988106,0
C086,36.48638143201728,99.30956042928344,84.41971063043559,21.059875720578987,5.1337126999474965,0.9969621636271,6.436335803926474,1
N028,232.62625681749503,47.95503425880531,30.20208173645271,4.714523505310184,4.12467493429157,0.8180505104750274,1.1915081185184784,0
C158,67.43052172550367,96.95594728290624,84.26849881724164,19.3726075184755,4.995853675680645,0.98372702818944,4.994509448855956,1
N362,232.34939841287095,58.71837555425108,8.666554250938455,5.86468408718367,4.522864681579993,0.7983400593060221,0.5187375860381122,0
N823,255.8277658227752,42.19136405590282,15.359749785197923,6.1781742829393576,4.204427077165306,0.8366113833108363,0.8890008244584852,0
N781,217.89534922769224,53.70757655751959,2.3630334078260877,4.318408495726756,4.668700196103913,0.789766518308227,1.578894508916696,0
N629,214.71804995343717,66.99615786262216,16.411251240872097,6.017288162759661,4.220684530692917,0.8218859239664246,0.5876433880197326,0
N454,334.1648402588148,49.6149426375374,8.420572916215189,5.280905554867972,4.705727983436339,0.8299618833769502,1.976340169644326,0
N739,258.4010654067423,47.09498835938541,14.913941946529064,7.383606787282146,4.79718854822447,0.8253071494507782,0.8910573079069511,0
N536,284.03340928095787,50.34510429613782,21.64322666358585,5.6797114768859664,4.478845647736123,0.8985405874652915,0.7445400936006973,0
C050,35.870165969458895,96.74316261343508,84.87776006507039,22.839463034239248,5.40999883114818,0.9931485707758844,7.064748182811828,1
N399,224.54817251460744,60.16438360628754,4.8456392279665845,4.682535067329405,4.41552207816763,0.8167574709326598,1.7135705642521988,0
N257,303.917154795565,64.5944337566218,26.61763226199889,4.850454546884206,4.749289503216928,0.8276179474125694,0.834634477453017,0
N292,284.8579798199675,58.60930934085946,19.47044823799453,6.254146804396651,4.163520050036015,0.8604391855191549,1.8893924486969813,0
N026,216.9958331430934,55.73998063290604,0.0,6.798962897605699,4.75419623467027,0.8264481646459425,0.9949203465328892,0
N337,235.24520854679523,58.10749643067534,15.474151618899455,6.92840306013445,4.744049720830046,0.8650306225193622,0.7422344078688711,0
N585,202.7300164508901,61.23480776177077,16.92334505133347,5.45096682676593,4.522599355365127,0.89481892116769,1.8795706332376647,0
N048,207.3863136576916,53.3135362511372,24.281587503772755,5.168514708526374,4.502426101891149,0.8617050833873411,1.2769444571820276,0
N319,283.78427951962806,66.52618189875605,35.97529256259489,5.213973785460989,4.447125083600653,0.9319580462699284,2.042992371976138,0
N107,347.1459654981586,46.55668669217866,31.377894717683745,7.286721581855275,4.468566422040223,0.8346545279120693,1.3498286896995135,0
N799,243.54484388926485,54.991690296493495,28.365635861492905,5.190051078122687,3.8028092438682135,0.8117364103678565,1.7384810977314111,0
N056,205.8365525840347,51.48103302034345,26.135710476225743,5.643624873436657,4.342836612900736,0.8783446538724914,1.239952459276366,0
N523,247.8599053053536,51.49330349228116,11.217004498972914,4.805573033593974,5.030401657492073,0.8594308803371468,1.294173255427707,0
N214,258.6692953692195,58.04912631673524,28.98800260602377,6.437521570763328,4.703416105594602,0.8157364855239155,1.763108918723173,0
N121,250.68238190008427,54.90600656550126,3.7767211348595175,7.200718586631647,4.314643902685718,0.8483808270990614,1.237705225268022,0
N918,198.1605953939264,55.421045615544735,18.453199333036853,5.319835141090037,4.585364861153241,0.781037333409897,2.419185787934189,0
C068,54.35816452340153,92.4646906085913,85.4344308785828,19.81098299306315,5.122707190780896,0.9949996812483698,7.54032200798504,1
C118,39.67492308884285,90.29450089034847,85.80659684557396,18.40173168404249,4.904154232688578,0.995717997627226,6.702742738101996,1
N073,259.126057511997,60.330277036219215,23.15733678575705,6.418119999341342,4.332520905109271,0.8192591807129003,0.9631147852323204,0
N948,276.4340775204542,45.85285139556491,24.52685655678416,7.039681152281935,4.540401340036873,0.8802240001282309,2.518863407602572,0
N747,217.34038607441337,53.17385117751468,28.242673184007145,6.2037285226251,4.098410034119134,0.8461229672182509,1.780196414279334,0
N716,254.2539960613921,41.129468938323456,13.276732818512176,4.918610796047544,4.076319035940444,0.8439761731005211,1.784546329251646,0
N558,231.5963570475608,71.5188871575223,23.443872285977985,6.728513242986351,4.380260725112668,0.8049976347731478,1.659332978058091,0
C082,55.97132347962955,98.95066733431484,85.38497675440243,20.435725617190837,4.94669244615274,0.982128792100316,7.622641276558958,1
C046,38.6031149123946,96.41324432401876,75.53772876378247,19.90078738770529,5.243822246562978,0.9895061301015926,7.697092582157439,1
N553,264.39662701550947,45.0212077757125,24.10941960418425,7.83876680582821,4.457216331133838,0.8783478083979037,0.7907874817578969,0
N562,302.5601919594103,43.07153198675356,24.26408533898581,5.972741329575639,4.247145239023126,0.7856920989035694,1.759658350206776,0
N425,257.39013390934133,40.45636833481629,38.88548223952085,6.602255424797125,4.391823594569841,0.9250388895979088,2.2838145181365164,0
C014,51.85459572926471,98.61982287811882,76.80473894665421,19.922170895842527,5.17107013617978,0.9921159478380186,7.424825105577807,1
N326,269.3104448887389,56.29844757169714,26.75554569975629,6.614963468696578,4.353695411929508,0.8823387242680452,2.066844221018615,0
N924,301.8698855519321,52.09365771933456,27.41846677660432,6.868302224606461,4.298270026269706,0.7892202504327039,1.6761234622209369,0
N317,238.47365158758564,72.789151989738,28.297469229205515,7.183141911983324,4.772589273398684,0.92731795750776,1.9704650784142588,0
N804,223.57845073969,51.61146899239436,17.65970124131497,6.807052101165457,4.845820665601103,0.853533446830978,0.926349484645109,0
C163,30.68324821110045,95.59783858296294,92.29355624596556,18.91680942545816,5.487565806873815,0.9993477919330196,6.001006342559083,1
N529,224.9369744161717,49.04156383743988,6.7153686150074,8.011203946829346,4.403505849644728,0.8206399256292298,1.5308080448803685,0
N837,263.47318205789463,51.425305998141816,12.822537459733452,5.6632109294175805,4.587685036729643,0.8899088857937828,1.4583806153316197,0
N715,234.14974771174548,48.30210267895466,15.529196683507,6.509804253287777,4.73693363601344,0.800345276074598,1.4886253034285952,0
N901,247.13220589679636,62.36923239751369,10.324276661773204,6.102467961122064,4.009012231861618,0.8792251754823033,1.6188137803836558,0
N061,232.4620895654357,50.60814397249128,16.100730666501608,5.561174458914371,4.502272714138806,0.7858379067982589,1.5966885127169648,0
N723,184.45443327531723,35.2517735692952,21.215172676747397,4.725420467902581,4.229917358661625,0.8806339068662714,1.3264946471151713,0
N093,221.8697898694155,42.77774464454173,7.608435647211255,6.653462828124238,4.500624738451696,0.8595976640190219,2.0121405694973893,0
N858,245.0525328525484,46.460256784019606,16.192952804291313,4.437238557231254,4.365699168157335,0.9087860430978106,1.2860995678165283,0
N619,209.21869721623185,63.87347954799984,13.933954989137222,6.003610332245576,4.673109296098122,0.937924624083593,1.9860736651213384,0
N352,263.07696790265885,44.68715642609202,28.166751804152824,5.128416213915306,4.0742581339202335,0.8424351195760876,0.8934387934552943,0
N933,189.8321838257698,54.81224015997777,24.399412949615304,6.043757898572025,4.318692168216836,0.7864157972438783,1.6627612492703083,0
N281,250.17667796557544,49.55595286064201,10.746391497998424,7.90119617817926,4.921751601385106,0.8210096282351885,1.003257679466448,0
N421,229.90695257304276,68.02289791619343,22.17207002075918,6.037400320574604,4.594929663208191,0.850807273894188,2.3785737076491023,0
C115,46.33431720692691,94.9950464682168,79.88832266537011,19.81644819133703,5.010874541557508,0.9850769172446556,8.216569963330262,1
N360,263.50470049180774,61.674736358849145,36.57092016341152,6.073561089244897,4.467781363400688,0.7979520737713719,2.1735794004680926,0
N423,231.80841093819768,74.57832155409041,23.69755029404809,4.689265087673012,5.13415871937766,0.8159615809046534,1.299177745481236,0
N679,285.87306583984946,52.73991741600086,21.319027503157443,7.180693165063071,4.548985060009157,0.8133127439890712,2.153069446049245,0
N527,264.72703376709245,62.36307356351996,20.31844366424752,5.1098220362090165,4.525179630474293,0.8247787634185835,0.4340741022302845,0
N478,290.2868646631748,45.65335951802661,19.65020404907784,6.947500768508785,4.411203751213376,0.8216212041459026,1.683399121613871,0
C095,35.67840309309987,97.99042279618158,70.0,20.52783911400733,4.958221426739463,0.99796542920974,5.800167997614886,1
N183,215.80771145908625,52.3202651982304,6.863634022410373,7.781332505873876,4.509682900085222,0.8747405157442465,1.3734201676887832,0
C092,39.16607295813067,89.35556257489425,83.39659620892975,19.053083462376893,5.33923412564805,0.9717758590670444,6.225542797293371,1
N433,275.8761775742658,41.731126699363,18.769843130640115,6.033800888795442,4.714369659173307,0.8941319284129853,2.000017689948037,0
N111,206.12270317707777,47.41926692384694,15.51402151641858,5.044415594559301,4.617468238255468,0.8082376231545179,1.028925082767146,0
N371,246.61108757182728,40.08084898400017,27.71722892875679,3.4423135558582643,4.500230596018729,0.8616731435387011,1.4806956252131849,0
N240,190.79157976189865,50.53992258944877,27.109964082868547,5.0373306907927375,4.479193000806159,0.8623898357662617,1.3607085398887129,0
N709,308.6102597745969,53.71331405077631,40.4097166329008,6.149674587215455,4.607683847468999,0.9150224897145296,2.1185344660424703,0
N630,210.28851557444568,57.75339058784948,18.89960741174947,7.591281474027339,4.314501540013188,0.9056413257514764,1.3455694258966786,0
N594,260.3868671134388,58.62912624058807,11.675265421424909,5.881934336460979,4.2740012885309,0.8670091436201002,0.7601582415347166,0
N486,257.7556692066549,67.26764690017164,7.54269471345745,6.484507395028006,4.368140393984456,0.8781452871369251,1.54188056377984,0
N701,173.85078036011322,55.55697986657985,26.68728638025496,6.555959637747714,4.597714802709448,0.8962790153332187,1.2381681927725272,0
N262,177.03713607913176,44.64392850807407,32.58564604492577,5.460122254893359,4.479877012889137,0.7959044783921849,1.7687359575163768,0
N480,192.15392799398023,45.96374012089567,16.98869515405442,4.873200650076589,4.671434680525201,0.9353411512071176,1.725467271307085,0
N650,297.8194046295478,66.95769918082773,10.277189036536454,6.216090727190988,4.6885520541148,0.8099377779029698,1.2118965688755017,0
N340,265.95331760864923,57.54284844525582,23.77441840292656,6.139740659101501,4.736488596538351,0.736299601354061,1.952401222281292,0
N669,280.297546657518,62.23117975947538,10.702373791189157,5.987030044184982,4.174415404625916,0.8794171608364006,1.5484433075628488,0
N552,213.20225650115384,49.17389285296812,13.687931055938286,6.73585244845063,4.212177647977429,0.866518541613314,2.0419821905782154,0
N459,305.4830729758497,46.14029618112001,10.362323915416034,4.124180939146794,4.876398900712255,0.8840455077382934,1.9354619050090407,0
N184,302.15752418973045,52.035561108822456,24.24680340955044,4.615106765636339,4.20481988409379,0.810850888357869,1.966055066251932,0
N138,282.4675333633646,63.738552852861545,12.211811688048437,6.938959908370062,4.443124126559417,0.7786101622761779,1.2763386713184175,0
C161,47.68967708306772,95.3489988473079,88.22418326712405,18.249711800889653,5.065191228650712,0.9943916634393958,5.192900718092688,1
N707,249.70664408946567,51.49136321054427,18.17525420260509,4.684412973033646,4.640409528089243,0.8226404611799532,2.4443999408719894,0
N582,239.33459160449223,57.691750053212864,10.884066326776829,7.313661740572063,4.518161066385503,0.917570001945507,0.9861735504420704,0
N081,177.5177194196684,55.67361123140903,16.264873297105858,5.440436174054264,4.496237790480574,0.8375848005166083,1.8479233042679908,0
N769,269.9948948627877,60.400309802710325,6.169211224328768,4.203613165987971,4.258135418058314,0.8622936489316563,1.7673362784152726,0
N870,283.7163855953785,61.15092975945383,20.032429921325463,6.763769213757397,4.6263513854838,0.9415376208183032,3.0,0
N762,254.09315947013707,59.27431068844037,24.232470307213568,5.900096175619451,4.0676994109226365,0.7741169960107375,1.84053514656782,0
N030,252.14261490502335,72.96567427244192,22.95365873968833,4.702070833244889,4.163748648770014,0.802693242695093,0.902396231367947,0
N542,198.64404159823505,55.43372935538301,17.223162805457505,7.075547293242493,4.258059279372425,0.7841983984050568,1.642951141289341,0
N166,262.09976048231283,46.0204265428938,20.00271506804702,6.296048010595179,4.55557359354582,0.8464281391093935,0.9517611460141157,0
N249,314.4002064267494,40.83990327692469,9.117694788432448,5.605608025232612,4.396369152633489,0.8394987742830196,1.7354957530337534,0
N308,273.5217036579649,53.68241574069277,18.301642044753905,6.07253234903023,4.481504792355408,0.76317863352357,1.300763930790749,0
N448,291.92754108915454,62.88111686030494,16.307988817310328,6.716440105111278,4.458436643913521,0.8520885241101199,2.088808662070823,0
N347,279.3979782750405,63.7488329513188,25.68327665059489,7.193675945894094,4.714348047993569,0.8093541737795553,1.7497435477745027,0
N335,222.51617360116245,49.0037743152081,22.625117420973893,8.118404024545042,4.427026775332431,0.8263762610571865,1.1325053848263715,0
N286,297.0630853164213,43.21773723016847,27.781020260532475,5.704432675216615,4.358133709216192,0.8130631249158287,1.5396676285189754,0
N950,302.4973813867422,56.196997338374246,36.9512917917526,4.682188829173278,4.308193442229248,0.8155646105869948,1.948135391290108,0
N098,293.75236442608144,56.45542675271259,20.78515137246044,6.995321806800734,4.089046927855713,0.8558349364449477,1.2714616783099764,0
N468,301.75319836311945,43.050116298828165,41.10494920336042,5.495709432465525,4.221189978431327,0.8759934766830745,1.1497641006278632,0
C037,40.89527293214959,91.10290614972604,95.06662284156128,15.118067640402083,4.942090803674217,0.9910883540377078,4.0,1
N913,239.67834547329744,51.83715942729756,16.96027435007508,6.034442146618853,4.57354187441101,0.799450567430963,0.5731960767264728,0
N756,302.35832865824267,51.46199799046872,14.87776045045976,5.744862887157392,4.512503966803027,0.8580200249896819,1.581952651524733,0
N945,199.20326819204504,47.17559569346319,20.83948174723262,5.981391767770278,4.237553784838575,0.7917792494865995,1.9129943009828083,0
N614,268.43418449068065,52.03755478408854,15.0033862526836,5.73307967626371,4.381610048185723,0.8957688402584091,1.87990952918497,0
N802,256.69713161051374,77.62137330111922,18.675685565806237,6.393241240596317,4.604562450515698,0.8838367294953202,1.655453926747609,0
N758,309.11702500143474,53.09319871049427,24.30931367501576,5.508335543309409,4.29356595250111,0.8782092499549616,1.9183412402381923,0
N689,253.06874599787227,59.64075340748309,17.38945633259441,4.918516123702151,4.888462259129666,0.8602575897696748,1.5676409405189025,0
N066,217.95374682158743,52.62064511595736,16.64622904219366,4.273361232474482,4.483460265869044,0.7757204252644188,1.5569604161096429,0
N794,268.4978786714901,49.37144883896531,16.714665101743734,5.589068408535115,4.429497608790954,0.8984072295326101,1.8728967575840807,0
N744,231.2019433226042,40.07233820526746,40.94105637667586,5.802574659256208,4.126910404011857,0.8335729677637912,3.0,0
N568,245.33000258613677,51.25399981329593,19.288861746762265,7.752452387934037,4.587388639755207,0.8662977157268507,1.8330353677836644,0
C084,55.19118417968275,92.92117216546438,88.37409461368597,22.50785849586672,4.703707123509897,0.9916929284059164,9.308377704092193,1
C099,27.569920897171592,100.0,84.25295832240336,20.883217673191552,4.908316861622213,0.988746155560121,4.84451010075264,1
N303,253.10866128521104,56.77489969866485,29.16411335061504,6.794224428173044,4.17024227006661,0.8356084959101445,1.7025841607698375,0
N255,293.90315504911257,46.26578422251124,24.683567812256197,6.68273384194369,4.450156137289642,0.8396442345647595,1.7055558087851264,0
N959,239.5534428763721,51.99586370918109,15.115411412069555,7.142191113165831,4.084427806906167,0.8611660084532999,1.370100550730435,0
C024,32.15195190370237,88.72132058163723,88.93013941587066,19.1006797625457,5.407809015350282,0.9841411418177805,6.720350797053584,1
N313,184.37552476900865,58.44770678019314,18.514825601834797,5.216359597149413,4.228882438589549,0.870237963882105,0.871397219170365,0
N530,268.6100181513812,45.91568522082375,16.33868919756538,5.677043779671129,4.414381336471932,0.8775729373009862,1.9965905425078296,0
N222,208.5109315297634,58.59039062360521,24.105436195922124,5.871908329165168,4.100697500439295,0.7833604026279115,0.8731650011445615,0
N389,295.97156754140474,51.47021556925398,18.16439304991831,7.79059024794852,4.056041073591499,0.8724843577456335,1.2816106881887832,0
N236,230.32824693529284,61.69493249674191,20.795010717117293,6.282711831224776,4.985132416947711,0.9103252963580124,1.674013140708296,0
N810,168.52797540744757,55.43703264528445,15.800797878804293,6.299802145670052,4.828280209250879,0.7991956502713409,0.4553662032631504,0
N483,238.70036478331417,47.7659434761972,32.01546497838426,6.349378673091334,4.6147134090221,0.8404197989181071,1.4381295012038662,0
N713,255.30390335469505,67.0014554782037,9.595458264028991,6.242974984821692,5.029763299035859,0.8792891927928563,1.256666787736665,0
N306,219.72433429063904,55.65470779211272,16.173963945725536,6.246109977959108,4.028411225133075,0.811193001929557,1.1962164623593434,0
C111,26.0845453411176,96.31354582668968,91.5687061113869,21.096122580074145,5.018547357029064,0.9888492953355198,8.10264097028788,1
C090,63.98704390970597,92.74578984569804,87.03335851319117,15.421123111880192,5.257240554378872,0.9920841518554084,6.922623467905498,1
N772,326.39148511336793,54.7311373592328,21.24376200767646,6.58313117585508,4.8119337933462845,0.8878935578328913,1.554614618760972,0
N917,236.12188184491012,51.16712716191656,15.48570644816452,4.59344707124824,4.5754244910029165,0.8526533974621202,0.7394652818329264,0
C139,45.70853873254945,92.38520690431136,85.01382662077354,23.91054993197403,4.592117329841976,0.9877065749561292,7.475355489531171,1
N250,245.24943454796315,36.87828516458274,19.311106750958125,6.06500020128802,4.222951717865136,0.8956192730964276,1.534233250860291,0
N760,247.6784964680705,50.89657720046925,12.757967967397386,6.15659937887532,4.163705760207421,0.8177141226579304,1.758510442414541,0
N595,250.51908404557736,50.38403114513012,21.562613456859047,6.61273945569978,4.051972675228931,0.9122987575949064,1.7686741698076351,0
N072,248.63913043649737,50.46154078523399,19.77917767394807,5.278126681904918,3.976698687367904,0.8756321450127581,2.2952501188373384,0
N095,261.2233553168813,59.54567408516734,13.904953933036875,6.322516099242229,4.302263116132356,0.847846373135461,2.2890189867755044,0
N546,217.50384321356412,69.13786623741971,20.93028247634044,5.167280713276675,4.156673746493334,0.7286476435410512,1.3931922971091009,0
N034,323.52277764743144,66.05050070694669,7.115156580622491,6.404366291591785,4.244915960152723,0.8384964369995227,0.9400773444834472,0
N862,260.3411167358776,51.30618976551958,23.352956129853656,5.129851130958508,4.508670733033062,0.8309353688492929,1.6953256597926258,0
N579,311.0507873275094,80.0,18.6159804291125,6.763887205552488,4.455889199536493,0.7954948616993692,1.095363187251304,0
N449,267.3452180052312,58.5902886485373,18.58722859351181,6.72477527739944,4.555446235698885,0.8465752745645825,1.2255817999087442,0
N446,173.73264973388336,48.83570368028069,22.080354142393592,3.716781034845774,4.119282758515892,0.8603370535246961,1.5036690474857253,0
N260,252.1291935856245,55.04406914790062,20.856001797676765,5.850823287436635,4.491437009186649,0.8494453089079759,1.2448336674547624,0
N205,261.6676574924868,53.28532618838568,14.839042038512565,3.96023731220044,5.057606375099914,0.8041600909780755,1.683110335133705,0
N573,194.8536640580441,63.4142503779989,9.466363813149748,5.634063995097233,4.895814765232916,0.9168441680827656,1.4701576474970042,0
N824,152.8985254776973,59.59121751864352,28.391973255759368,5.088082165368791,4.769642469513972,0.8100540908810939,2.2186572489862413,0
N586,251.0821232474401,60.17325898587569,27.78828865083706,6.4711326193038525,4.5910368962668855,0.8839730102948783,1.3775817296302355,0
N366,207.15402416386152,42.31505385758445,20.856763670239847,5.43223531397935,4.4314452410411445,0.7822758552038797,0.8622274511663005,0
N812,232.26668417051732,58.41546321529785,33.33967686327203,4.601309323921878,4.400521155449844,0.8445230533160769,2.0829811257366586,0
N078,241.90543816828813,60.850577985003376,12.813712554021189,5.994437540413477,4.393702128011132,0.8612960206013366,2.110692886469812,0
N085,255.74994737426064,47.78216827116268,17.532357511026667,5.772442016541135,4.905653549021506,0.8446597420087364,1.540451549957316,0
N539,235.4192417180169,22.908423735879843,19.417650648856903,4.967120228683568,4.116804541196595,0.8834748899052997,1.9598462864872008,0
N083,287.861326197897,46.04335580264062,10.782180525992452,6.034099880961316,4.203542550946095,0.8108570091784796,1.5591513538473163,0
N458,264.0742590421352,56.32273287326381,28.69099289443443,6.82842893668043,4.522465752791988,0.854587998773874,0.3774498406498743,0
C138,39.21626094003296,94.11418421990848,83.30742263319071,21.599058578750533,4.8413294933610524,0.9896485130534854,6.219305117932784,1
N615,287.42010824622685,58.25835810363637,17.60754765270742,6.732050716097349,4.833900863738919,0.8381052393226691,1.5662084965979854,0
C186,51.88421251435418,96.91865391116562,84.53998987776622,19.902934705155307,5.178263132850599,0.9882319740879076,7.012227388225773,1
C076,55.66845910374524,95.8171104107176,79.32741175618112,21.219252129156445,5.255017760332931,0.986213577921198,7.614789290510652,1
N737,264.2799177314737,55.81282931709891,24.125412972937774,3.674013819477948,4.463275549456054,0.8026700434055579,1.7069412184164006,0
N437,195.98460204029368,51.96965531999345,25.83600842777651,5.458056778080216,4.318522882053514,0.835840302468012,1.8860288217790344,0
N555,201.35242974494776,63.05559926858778,25.305753453824945,5.69335495470228,4.379971433476575,0.8255763921982295,1.6782012403286155,0
C080,46.89331642145125,94.52753758911577,87.88845940740661,22.658977966240883,4.9340340940934535,0.9903349055167852,6.054731352333803,1
C062,32.82345731822068,95.94601526937876,78.31813993716946,18.374741925658142,4.794985070013876,0.9894373522196968,8.472372902291422,1
N351,288.2027120940687,48.83948998775024,8.430701727852792,4.94193192115063,4.464350322571276,0.837196123688329,1.3241428515572942,0
N197,180.77212760965023,75.4505307273694,18.102948938165447,5.176438325832564,4.886010477722922,0.852667873772933,1.6962198385619922,0
N465,235.16275387944387,65.90919841911276,12.515965592875464,6.954821839616916,4.928185715783232,0.8474833865159166,0.822725489089834,0
N589,268.32268010500434,50.25856201877568,21.62337305847324,6.786021789974825,4.709977726234062,0.8488441283035023,1.7794407099934944,0
N006,233.1650317790289,66.5943324307202,17.386180490625108,4.117733885339578,4.482325458415719,0.8094816922552917,0.572162762937064,0
N311,204.22257737679348,59.71074899553593,21.37710744785378,5.904698177685919,4.69346203785041,0.838193559857734,2.096817178647418,0
N662,284.4229719192015,55.8950141433087,17.005501814093584,5.215346676418676,4.728206169047069,0.869783798105854,1.0999544398629355,0
N405,197.33077917909583,41.32229563404103,29.02696012431209,4.23671331958492,3.9089334251716177,0.8184227965182732,1.6307648834890585,0
C196,30.65488943659151,93.50984113795042,83.22374124637675,22.650670486577862,5.3116372365889175,0.9852753517038202,8.293557136483365,1
C044,39.84094969157478,94.93157791503982,80.41773910171666,22.19596303486021,5.176283425044348,0.9887964793413434,6.40903899128257,1
C058,40.69634789849768,97.8734360011458,87.812018353783,21.367028106215717,4.946461524921749,0.9930233184089344,4.84425678108714,1
N105,262.446363987516,48.24475848266122,14.93054761314928,6.363948060949537,4.132454803443203,0.8106474445513574,1.4204678839610336,0
N537,165.4272393994342,64.5276031217675,19.72912680071766,7.300292736662943,4.420890810042009,0.8178993594187666,1.1373026627824934,0
N606,243.5783751987645,33.81560271947819,18.769847663752167,5.573508920592568,4.8957503765895405,0.879713779802374,1.387473888160803,0
N063,266.8802078171588,53.566606616869535,13.204157545211192,5.654563197949013,4.8723808737525385,0.7946167409962412,2.141869525047559,0
N282,297.8706694962946,46.13171385592624,26.34070402112458,6.812206922336364,4.277482023913546,0.8720840345004252,2.3853718511933604,0
C056,38.15995945447452,94.45556504234024,89.1885868570409,19.30176304331753,4.613777068620575,0.9882190213933714,5.981483585086448,1
N239,289.8722889306616,56.505919030347286,22.68113700769715,4.673872930362696,4.635260807900162,0.8332801911954895,1.1331365301696548,0
N224,234.3933638561099,44.995504395640495,17.293768608686293,4.700027905434549,4.755027476526378,0.8517910333106848,1.6763647796564327,0
N146,299.98155983036503,72.42435796743789,21.94528180241336,7.0373765902028005,4.897010599950836,0.8829993073435153,1.6460610600100236,0
C119,35.32614230853809,88.74378133834529,86.40178172556935,23.849168599043765,4.903055444758494,0.9970080817069517,5.699151089459292,1
N374,252.50031476700303,46.92964497114208,18.82296860318852,4.98337937981419,4.451414676369044,0.859185092545135,1.881669099189749,0
N119,229.4797635818092,39.46741586731451,28.188039553088288,5.675535852706835,4.283290037149624,0.8602264285013425,1.67179635252002,0
N803,204.6845424317077,45.58059045699709,13.858130689914534,8.140818430335777,4.394995839890128,0.8665272677452287,1.3925477595161002,0
N251,196.7626822295845,49.44229535989284,14.364047161397751,4.841528617917934,4.503911503628277,0.8546309009217667,1.397424193903066,0
C157,45.82171837102035,92.77175239007023,77.10070549725562,18.101628368333817,5.189057590605467,0.9789825972861635,7.746570000641257,1
N010,242.3145495256433,52.11129140880743,34.040632322432494,5.791026568824021,5.060937843591873,0.9023715096561992,1.5726699834434306,0
N450,224.75248949843947,59.46700748775354,16.063508538756516,6.709197014987743,4.50989972814238,0.8905915158967073,0.9323336362622024,0
N874,236.7859769335984,49.18648669158813,21.624313181524023,6.445800071853375,4.694042996077329,0.8574345237196627,0.4862808345966358,0
N390,238.99742055299728,58.57023328006528,30.474895488476864,5.435491116260812,4.097536310768341,0.751877555360402,1.414058776320294,0
N966,290.3040080937318,46.60332748933946,30.80287732227649,5.689623349830336,4.653000609881628,0.927276511573024,1.2206247147711655,0
N461,194.44273369004776,56.41993621079277,19.70857510926748,3.940196523183172,4.8093513592845385,0.8449756155603668,2.3047098253430054,0
C147,37.53140117970356,97.9756740129555,82.814974375073,20.590272967927078,4.997043815018294,0.97107011771825,8.011453054620798,1
N145,238.42234122170936,55.9072114530268,29.01203775074268,5.180185372323251,4.776630662337164,0.7339846066737705,1.7389076700184118,0
N502,263.7900903717808,59.50176023919434,20.771787310246133,7.337330682399576,4.0690914729872265,0.911057540980466,1.2061127888856038,0
C108,23.54647681188224,98.99393324327993,87.51076055859764,19.15668349418354,5.04506424246344,1.0,7.289502127132038,1
N540,265.4656449527558,53.38969335780347,9.920928465816877,5.114712315909216,4.512911885084135,0.85341037378924,2.4555080338495907,0
N178,227.0900870600004,57.53079853478088,25.724511636887254,5.11059232626989,4.6019812523402726,0.9489564412128756,1.90446587380086,0
C159,41.474423215497936,94.68819630409054,89.28620561225864,17.933361430178408,4.864198809019629,0.9849061551416112,8.37879185468797,1
C051,61.23995545042657,99.22915834092623,98.55791240547092,19.659105038867324,5.294242624008692,0.9808464957744824,7.269429909127596,1
N584,190.66884062648705,45.13502428417867,16.584271662920447,6.405665599561607,4.0492781921958425,0.8070002488926334,1.979487418288616,0
C195,36.48249611557704,90.95962968313592,82.3807869321942,19.05211835309824,4.8002083544983725,0.982753014865275,6.365418916238708,1
N008,267.6356158972106,56.26965662124714,17.70735396492387,4.718518016554468,4.893142389093357,0.8771031773983683,1.5630759426430272,0
N574,231.202811294503,56.466498037701,21.62355709426895,5.973653226696032,4.357630689063988,0.8545491066867519,1.0279373465842747,0
N843,301.9615208078628,30.47550453183124,35.98954886507809,6.969317433788235,4.631809189640517,0.8905794828589206,1.9171784376781429,0
N358,261.7767352803581,55.55358709221517,6.358704847067719,6.614905708872414,4.722806580048136,0.8284073940882215,0.2988342094439358,0
N330,239.3385930012842,54.27141569907397,19.50621534133036,5.06219985652179,3.9584704745277057,0.8874132626757472,0.6658733671170168,0
N705,287.88511034577687,61.77094248777241,11.791617229451491,4.424625803058145,4.881491684654187,0.8751641951250463,1.8044394682570928,0
N830,231.3048554151553,63.38192591548331,37.12558394347879,4.779256649380173,4.277245265197394,0.8763822131143872,2.504656442214844,0
N259,263.72767599587763,68.10213474230349,22.75474064326115,5.184307022552256,4.5523269861755695,0.8525831724275098,1.881645729503313,0
N891,192.6784132722579,71.02835334355379,13.877544709611234,7.487937125470447,4.286417363935225,0.8689683033652448,2.2580617672577947,0
N834,265.3124158834582,44.1650004244331,27.47057789157725,5.0748113184691785,4.650813046269229,0.9083197217632902,0.8904855151238945,0
C188,25.88098346853001,92.44357491402556,85.77477043580376,23.247200279572063,4.789499908674022,0.9947851437979336,6.237315024589867,1
N905,245.1469285220596,39.55074435622629,1.3620928799168477,4.675083851349173,4.59809864665422,0.8412277207204132,1.9706589592147408,0
N526,247.4130266805815,25.472900792788703,25.03646832029332,4.762876878457096,4.63415674560609,0.8590353530799408,1.8310839864703543,0
N814,242.8304287460973,50.17490424144693,6.087310380703947,6.807802167584139,4.511624714189375,0.8653536572151497,0.7337774184567897,0
N732,292.8482511355761,64.42603788432558,12.871860512416156,7.885470093491401,4.068654390280139,0.788292985094762,1.260741632553691,0
C032,45.2312418476874,95.05379236524205,85.55307424958414,16.61604430884008,5.13575192399335,1.0,7.313280565153791,1
C141,47.821379611290425,95.08424426375504,83.17952418172429,23.991475662255397,5.146850476508699,0.9763545264922098,7.240524826342367,1
N441,273.8080542933131,65.87890599667699,32.26739381774172,7.96717425981346,4.264619908666937,0.8409426806603288,1.325975157242263,0
N532,288.89265105064305,52.16097500826216,48.5332260611274,5.40928164185339,4.628556261813829,0.9185321542465544,1.5945231102325077,0
N960,229.58944852388484,51.80025116677256,17.403787402863003,7.0623001634858245,4.19945337510097,0.8268906943203035,0.8224771507416299,0
N229,194.39986187169413,53.51679545176707,31.69010358891017,5.768206625115401,4.609252803734975,0.8055153890931741,1.779980996189537,0
C041,40.451896491428165,99.28217720989686,84.20339161278567,18.994029941598484,5.048742481474696,0.983171774923807,8.210029313985903,1
N213,261.8359787155193,60.268329339084055,5.663483513412221,6.048632600395325,4.354244158313295,0.9641173297172058,0.8559266870439847,0
N080,284.34801717525005,66.98619642408181,18.323233828502197,6.924181423957676,4.693425358415676,0.8415073466093443,1.5735847743619995,0
N149,331.9131352230545,62.98179670523177,23.866556434910613,6.110456556892286,4.626520564660206,0.7951188643549504,2.0577922086195843,0
N592,285.0248915484869,62.15154514894718,22.942229315389124,6.417089304124464,4.115405866214616,0.8123389336791745,0.9250250168856082,0
N708,203.02310784980256,53.289379904332286,26.470163301010466,5.507133029056576,4.688762774730161,0.8755700013592831,1.0270922038245356,0
N590,266.88203569600074,61.10238517905447,18.749658247476663,5.386565921009798,4.373746332811241,0.8255052561638027,0.98187327057535,0
N134,235.039531092754,42.10324648443164,4.730508910022131,7.336531744085164,4.32913349691005,0.8598567512794129,1.8729786347843245,0
N782,194.31471479684785,46.78503901643276,25.846864411916897,5.718053312159122,4.56118911101326,0.8391179066947535,2.200188126202374,0
N409,254.96588483355572,70.50024687224236,19.51882627856937,8.5472463552221,4.294183313784348,0.8511894023793134,0.7414799784447974,0
N970,266.6433557392781,53.218889582841314,21.28790285176308,7.274231143035067,4.712048533541317,0.823705955723743,1.886800846057659,0
N508,318.83593082920567,39.97648928061942,23.37796024938384,6.991367402485787,4.088707956184766,0.8011780759705613,0.9944902564903194,0
N877,224.3252630815724,51.308493007136576,33.07891974827097,6.153367313837206,4.660257244630191,0.8462260789574516,1.460813468581171,0
N505,243.00695482092536,63.674921660786055,27.10493427062138,6.302157234562068,4.663282894451656,0.888117806049915,1.4173687047520347,0
N719,257.6005388285597,59.17215410957757,19.52137691191577,5.876107084539659,4.8760439840640855,0.8905353008072981,3.0,0
N348,226.48244817966167,60.92608222906006,22.34258781397509,4.64302127118093,4.577993223113372,0.8244613091655831,2.520746366462664,0
N387,275.61542775604994,49.32051963635924,21.231402711575942,5.969547137453094,4.259783547831556,0.851191905851145,1.1832321788923323,0
N001,284.8529893388359,63.40037902086623,24.63341441113062,5.920740321604839,4.36753571490156,0.8609787151532128,1.339696363493804,0
N361,250.28964748024387,51.53741034247428,40.67864656140021,4.5277983594668445,4.621243763874233,0.8407026924521036,2.205412461868454,0
C134,50.4559157599483,94.75202506875809,85.80335386309703,15.3522429914945,4.942805645706261,0.9908732501751428,6.810392230589181,1
N476,320.0929305880353,60.74285165806716,18.824582318698155,6.945880174226831,4.491903383098907,0.7661474307907057,1.4756408631542814,0
N778,316.60226012078283,60.55908321078949,39.950430847409926,6.127018471430432,4.52064958525093,0.8690846116748634,1.448954552790496,0
N754,316.75366679662454,55.34817883267415,19.800669971217555,6.023991658081992,4.528175755781779,0.8180647061558666,1.5588304664795138,0
N173,282.09539354466534,40.60058237930714,15.019580664128096,7.242881749545212,4.779699185650557,0.8761877663225852,0.7728516623477092,0
N451,226.6586946357593,58.72028646932347,28.00236299703792,7.126904682547685,3.8313264403451393,0.9092624207706652,1.7708886729812594,0
N126,280.49437228158746,55.30919134908072,14.299535181210253,6.532063765512046,4.405865612811692,0.7717382508036857,1.024294585507228,0
N931,281.0025153681977,54.398332587310335,13.297374379700724,4.407195682385662,4.380803252630585,0.8539488724337206,0.4233636402015617,0
N531,216.1116207432504,74.22967115543617,19.992655474572096,6.286361802443099,4.668581453574869,0.8035017325910979,0.6766027369859332,0
N091,167.91129835684757,37.96541930753554,13.207960089642423,5.090842420843684,4.104404708365008,0.8572026599973863,1.051069065204738,0
C162,46.58028486242013,95.72501805906371,84.14987825835546,22.284306980130776,4.5,1.0,8.671038632784658,1
N182,300.0802207217847,52.38552573369933,36.58467123815948,4.407658119408705,4.772276603486219,0.8049755888694061,1.7526526092874728,0
C027,47.185871922567785,100.0,80.54767247935978,17.911631315161515,4.897198485299601,0.9957521546363732,6.089274402429009,1
N1000,256.11576548035003,40.35538854312221,30.08763093046192,7.225279478552241,4.497310131822978,0.9579057652155882,0.782584371574225,0
N252,237.59854571084176,60.04033207115543,26.48854871059055,5.699423862916248,4.323110287589073,0.7890862787282832,2.405973116360925,0
N070,263.19990305893936,74.37058999831828,17.98927069885669,6.849576349105216,4.872084381923062,0.8671439758819046,0.8927165488238693,0
N132,239.84756297911463,55.17620816209427,20.62946904020332,5.630626487320398,4.121207020150584,0.8697693733367694,2.2362388187951594,0
N301,246.40087735074857,75.0442749621319,18.84752471501641,7.228605839859188,4.233984111292504,0.8717391579601147,0.7909691065417442,0
C133,48.45664862484158,95.60263249684986,76.656926212786,20.32943539048713,4.97541587055886,1.0,6.3723051907172295,1
N327,224.7283877074236,37.8387616440955,17.345517854122505,5.913772396998546,5.050467949839548,0.8932011939564852,1.222297027732817,0
C020,56.5212873386003,94.82551903035008,83.11685864492074,20.09253173805317,5.10258295903607,0.9809380111431438,5.022012997388036,1
N500,263.9231842144508,52.66294076073759,17.96027401627121,7.547129715260237,4.966352628299434,0.7939471232379154,1.3739318129111444,0
N666,243.52742776433325,53.83311456902213,21.788370710348342,7.02819624644574,4.568071880360203,0.8594298622427353,1.9330063736264187,0
N919,239.5587218862429,39.83027661862594,20.54072720110144,3.0,4.3867916338222255,0.8734933922503151,0.9199501060004068,0
N496,272.0324352085267,48.66830281443782,7.63108164403606,6.62230460588848,4.869421168836135,0.8189596461751784,1.221208686253769,0
N339,225.796481454287,69.92948157122672,17.95994940054459,6.362568609539263,4.483242366628111,0.9390116043179606,1.2275133296370049,0
N964,258.6330794895685,69.40441278868312,14.755955914998683,7.307364098069545,4.375874430904307,0.8398461007209506,1.410081082852058,0
N165,321.7516022797236,53.84238625368341,18.260675431941344,4.234010703740229,5.054953638577221,0.8809786372459925,0.8190740473207078,0
N029,222.49923871875484,55.09885977970686,11.581628744299648,5.091691862120808,4.385689002071273,0.8348432606898027,2.031526784567808,0
N517,261.24158905664177,51.22474720222596,29.315920636264032,6.715463596834015,4.471720464273279,0.8319283184341892,1.1106929365799678,0
N194,204.327701038791,59.076251840037074,30.302327124466693,6.7553748595162935,4.325399756827505,0.7758926010609066,1.6123299148894754,0
C104,41.47517716201979,97.02782107426064,78.98710128249826,20.909327469021697,5.08146554485876,0.9879323583480406,4.726575558861887,1
N170,270.59814886907446,38.982257092192384,23.100519878361556,5.569281545217084,4.198353104729333,0.8568321829187898,1.3838037857346352,0
C059,60.41322874364087,91.24850489873567,82.65537318531501,17.295692763743617,5.222258054313634,0.9959529697898036,5.867631987283929,1
N174,254.33743129377257,61.75295801124015,14.219417185024218,6.324257347274568,3.925967382807049,0.9085266738942268,2.193238462656709,0
N519,237.11933353539135,45.034177912337,28.2125385617394,5.782367898664403,4.620756940580555,0.7626768718824865,1.1458277814338076,0
N969,286.5319611824216,53.30502467608842,11.203488787005638,5.454549847326233,4.744294890507513,0.8976884986244534,2.6555940095084285,0
N702,249.34491053538,61.367408748142296,30.60946475051718,5.105025831239304,4.473473491391784,0.7856970486799325,2.303908468504953,0
N492,258.74671259039263,34.60094276897443,5.78605905919683,5.894423749078396,4.064278556506668,0.876281465995573,1.345628617622768,0
N074,221.26254383937123,57.78817524126203,9.05486164426596,5.348731761049139,4.312568072531531,0.8944658437464292,1.4929738955478828,0
N981,265.765949953552,69.47177524849474,12.339674341628182,6.354312456617917,4.765635433981809,0.8165119251336461,1.782475852227984,0
N588,255.2889639024444,67.09092152453584,19.255295860918142,5.790471536114899,4.8183966169881405,0.8606575113941682,1.9988155437105275,0
N235,227.35416226234344,62.4932419574375,15.14759795784277,3.251426921184197,4.49802638815258,0.8445297662577943,0.9892631725828168,0
N215,261.4883603171574,49.1872597481485,22.541873536743545,5.842154382246494,3.810407488971176,0.8699529875081268,2.459847440987512,0
N947,290.9244959036916,42.76872691840996,5.141919732687816,6.046171690919997,4.610380321867226,0.8850235391958925,1.775344408096471,0
N133,276.8169279765766,45.34069305070831,19.16132358055317,5.881812337485775,4.569535856151001,0.7801774829567966,1.973217637344328,0
C156,50.87190705985915,95.5310028040064,82.20223009545796,19.786497278057663,5.302956744569768,0.9917391905468768,8.23184323780649,1
N733,325.7180115885621,47.956097136047056,23.66677048221203,5.925755180075025,4.50195194834778,0.8360301389337997,1.1726394084331184,0
N941,262.3275239502734,36.380642059855646,25.116505522045397,5.4098380235845935,4.336090418080569,0.8961119986776342,0.9278954903555866,0
N186,188.06195709908545,68.8444356477881,17.776379235022837,5.7191428294094,4.677174762391083,0.829911138489346,0.9846767264455688,0
N042,232.1853873577824,54.71368778551178,9.58176799624798,5.888072507839673,4.502206882552173,0.8920129616695961,0.6985256420016591,0
N109,205.5888828364832,65.52382335305388,5.097279562875938,6.090536279317096,4.787286265884264,0.8945324492717428,2.278918384808213,0
N849,295.65626971557555,50.67615907896064,27.40624404648425,7.029918578797119,4.27167932255293,0.7572394705570673,1.2880433465074927,0
N569,215.7944456888469,73.81573446170454,17.410416653745628,5.248495233222939,4.812858079911246,0.8247088810251937,1.136965844853194,0
N651,189.0789075316092,38.5232550839171,29.806179378242803,5.524036531997963,4.5203588431039,0.7804962461701281,1.6085308876996194,0
C001,64.86795558976587,92.7297198396178,81.60834861774383,18.77297601823903,5.144050587358681,0.988301831503173,5.90985356143477,1
C166,58.89874035750844,89.97747621090201,91.01803443842893,24.28536837123957,4.816977094029137,1.0,5.986857715503733,1
N484,266.35349868150354,51.85560033993189,7.847669682934482,6.33371647227723,4.439588220087173,0.8792577937102126,1.5844091324344214,0
N469,210.16181027260652,59.72703797332581,29.67182656539201,6.5105167156729005,4.886962275239259,0.9339069327769566,0.9811624558103524,0
N025,263.59322077586705,37.40683234007419,9.530708913170225,6.745481502354052,4.754149525513068,0.8165807956416555,1.7806537498367312,0
N661,296.48816592727457,71.30986886698581,13.413340351311884,5.610395684888289,4.249205102897404,0.9202920571054232,2.3772380195341416,0
N680,187.12819424924717,53.83662037939826,32.79338129296912,4.347325840560171,4.855321728806317,0.8389028497900325,0.5883634568318258,0
N753,207.2160218243842,54.56416139701032,15.301018940610946,6.887364010928752,4.823622496485309,0.8697549177906784,2.586781737648581,0
N994,216.09361857703087,42.50931082330965,22.00310199856901,6.896736684792739,4.458768559345409,0.7893538570361492,1.4719986422862348,0
N367,275.14409379950416,46.29026296819869,23.58987061296859,6.672650745503414,4.321514154458011,0.8530876951277672,2.2310609042345746,0
N840,250.71906707863369,60.85200764285537,26.238623291736918,4.083514631714738,4.624143124327395,0.8973646308421419,1.5547334995585178,0
C053,60.93992931942514,95.80697794729784,85.25150326299166,19.882140209951928,5.034851361088861,0.9717931671816106,7.3513232044817745,1
N384,274.12167639949405,53.17366399107642,17.133425381307443,5.211418787051694,4.503307644156819,0.915834860115068,1.1026191836240784,0
N455,232.12550246846337,57.5714086144836,12.9465929229099,6.943486950420321,4.208484440624542,0.9182350924622894,1.352469167046095,0
N265,284.73170472914217,60.65612620474539,24.64061722315247,6.552632295817124,4.319802070503926,0.7867702038869,0.7046488896980648,0
N761,281.84742606171227,31.133380908912024,18.294023408108643,4.584426748846012,4.862178886543589,0.8805190684088892,0.6539239407436805,0
N980,245.82112330221557,45.345904697624846,12.564817304200451,6.419792556617925,4.1716010935266805,0.8706246218446704,1.620507545433178,0
N445,246.9381895707123,49.6920994335018,21.12892882022734,4.706884767928243,4.809351117212931,0.7495036681699425,1.20209108305486,0
N396,251.658453417992,57.14003792989279,6.684340847196802,6.587583680382069,4.227339126429504,0.8198475706704336,1.1973579138760326,0
N742,323.9169233444362,80.0,26.197857387829693,6.368687158158543,4.5605058447011695,0.8480624087655589,1.3389010069657263,0
N177,294.2821260957093,58.22332280767432,25.427292509710263,5.836542194847526,4.577537109941668,0.837881245004842,2.237925717000276,0
N019,208.69240808517844,57.85891342582383,19.530611525638697,6.27209870641527,4.98425190568898,0.8744638766779549,1.098678036378984,0
N949,183.43120749053617,59.80859809063283,10.527450891704518,5.958380286492209,4.595166741625235,0.872563913130435,1.352219561224764,0
N815,217.12870266492544,45.99481136004986,11.075029639936224,4.842190797465026,4.312946306278012,0.8814917462754348,1.121628288163658,0
N596,252.9638274730308,66.81872904501137,22.63646560872857,6.3854375105905,4.724779043816008,0.9121994714312612,1.4164215891759493,0
N062,240.3158413354436,60.84027721975352,13.029743588406005,4.317360806850081,4.273405402149191,0.916226338443796,1.5714851060015365,0
N273,242.41196126559407,58.14695074592467,11.158938692800422,6.398281155838073,4.185494574900273,0.9819164592495568,1.0089441483167922,0
C126,42.81953134849894,90.98741659339174,82.94975059783611,16.926612473455865,5.103003652567581,0.9862276528931164,7.056066781011573,1
N279,306.2255989224548,65.50803080932432,14.24238277967837,6.290545987015049,4.171274673158735,0.8016672819880584,1.3064696215886942,0
N842,243.5655921219247,57.337829277740326,16.35765819621829,7.332114290074229,4.698183967794411,0.9353867151202766,0.910483806186592,0
N369,281.22661950836823,44.55666706410868,19.17501167746526,4.076965005416575,4.554261508350154,0.7954166744511602,2.047997002424309,0
N887,256.7980761039218,50.47795573827823,21.56095539244272,6.518255182590799,4.430681045547869,0.8203785462574523,1.043434759974312,0
C015,38.66704729198173,100.0,86.23939501581891,20.362482997812737,4.979949825037478,0.9698052429024164,8.854412508292596,1
N860,293.0647894079071,52.7705734839484,20.35916437587543,6.476461387044796,4.603273422167375,0.851358788754112,1.853926592249336,0
N721,292.25239265972243,67.56107631775122,29.5341827037029,4.435544646077262,4.704635631144272,0.7372103766111009,2.229873535287748,0
N826,247.0904895616414,49.88618274256572,25.23313228295797,5.546503435941071,4.534138691220344,0.8402319160986325,0.841339583619999,0
N548,322.2005976830891,38.72842860822514,17.481439203506216,6.417461722037826,4.260805829093259,0.8799135467787395,2.167284178620048,0
N880,265.0891908939469,68.82777978728696,25.224717389940785,5.316491503988351,4.840184415781401,0.9247124754532328,1.4987232279961498,0
N900,131.99954679259116,80.0,22.363515059583342,6.160719095213031,4.471569868447337,0.7935221250232323,1.4109677525196092,0
N457,273.9344555691712,40.59485260157217,15.063940996252054,6.273497794414842,4.385920547570637,0.8915142333198504,1.3914506708631065,0
N394,300.78380920789976,58.41790994968863,1.7357509999264025,4.561025966613819,4.6091682624735,0.7257041237046321,1.5861995215130984,0
N676,266.46719700046884,53.68660625577851,9.32599845245956,5.298706643255708,4.829429922784657,0.8306231893096424,2.071322261536952,0
N912,336.8002155010158,46.71434126620978,14.910780933572724,5.873987358862894,4.697709043426779,0.8330910587606672,1.379800048143507,0
N965,270.5934003918545,34.938954945844664,9.790252087731291,7.183869869528536,4.18318294873968,0.8856545827658399,1.537974089994442,0
N376,307.45267697003675,47.673354758144754,18.682673303436605,5.211450577372082,4.518431031305006,0.930779723859326,1.8609333824864271,0
N413,254.80448750631177,57.02858044845917,19.75235150507866,6.891677789127884,4.654950972011001,0.8845477162478059,0.8729844213818247,0
N075,319.97139258933925,28.73964534588094,10.985662193105156,5.609749169121524,4.702513142954415,0.8880057339083623,1.1351170565646518,0
C122,54.881640444610646,92.45013133748508,90.62369169184257,17.042218518450476,4.66197705587607,0.9873230079339308,7.263230105941649,1
N863,195.134333396996,43.24046393020844,26.08492564680221,5.435000859491876,4.148949275888737,0.8039671964894195,1.2693540609866958,0
N501,229.56459399636907,60.4505007360789,25.61566867620382,9.836816375500096,4.485714035645528,0.9007395104145038,1.9958368198074536,0
N942,277.9062798883492,48.80706205976761,15.862685038385347,4.83337954106527,4.715532845200014,0.7591383672614289,2.069285643322384,0
N617,209.1798418688332,58.39131066645922,20.62129661470865,5.249071464546461,4.631782388377984,0.8109793992782526,1.3263019150848228,0
N115,196.49130188646117,62.81507913755608,28.98073018454483,6.239249780219678,4.467628658137205,0.871460422538629,1.6299092645672133,0
N418,265.5143815842725,48.08337590524351,26.355062245194567,4.876092878958081,4.393177530788335,0.82427339498596,0.4148575764373041,0
N602,234.72296429722527,39.62387266740696,39.03978021004235,6.745206970919714,3.937353510322465,0.8292476653862624,1.3787971601462947,0
N605,256.1133129547323,47.93255786657267,10.036880432144065,6.509029604937343,4.722878497757666,0.7833243453116858,1.5874081729555267,0
N090,264.8762536083097,56.38716159840055,12.719978715832834,7.267408722365116,4.345610788945775,0.8233070353878268,1.842148539753816,0
C149,57.36538033255851,97.37196490256524,94.26179800085616,19.91759867604016,4.781459317717083,0.9880450227094684,6.403607674828103,1
N499,193.8098309028873,40.57058064470071,13.17152919683794,6.182178664595656,5.145370314934058,0.8617356720370489,1.107754354948193,0
N876,196.84100124507503,56.62406683764063,17.545287382796833,6.860928434856948,4.17005589354121,0.8758430214269697,2.050371433834321,0
N927,279.3217702273888,62.29282252251971,15.741630844668144,5.609003549473201,3.932629112833261,0.8564183803587271,1.5781120959407977,0
N999,321.6879456204088,61.99516602725227,13.520202708753889,3.4055357621405102,3.982580731078765,0.9225762711077596,1.130925692503121,0
N012,314.8905129253628,47.60805189183395,28.18228345217603,5.698680764096914,5.024124073782507,0.976558103695881,1.349623856586338,0
N397,239.0067882090893,55.55777449318616,26.61146398780236,3.988765343175576,4.555191209712719,0.8595281543826317,1.1864570382634152,0
N755,235.1785008926232,59.1112849770403,18.969749386946454,6.101200656165094,5.089131078130407,0.8417858030857521,1.1940658921583565,0
N556,262.71084823206,61.76388142107288,28.13016119287969,6.435751933324833,3.895178167487131,0.924742762445928,1.2597532833187868,0
N043,286.8726093907539,53.38247977580498,11.63184504873345,7.606553493640245,4.188328449538895,0.9210027058241884,2.575515849114668,0
N168,235.4874515346152,51.96780521708996,12.26279012361654,6.158682932479533,4.183431515954803,0.8370451245214385,1.4319055868765325,0
N417,241.20062752054784,51.55003802439512,7.688820037888414,4.874242644554357,4.143063111352019,0.7980875671321103,1.667609253783304,0
N577,275.9000806513918,61.133755409682855,17.299760616289927,7.317583022863261,4.599265401329225,0.881719672098134,1.517294831548849,0
N268,205.6533623493125,58.19685833291715,18.093363195045765,6.133763727555642,4.19978670104256,0.8303671502853148,1.000637494213125,0
N808,229.8091341420868,72.69547309022074,4.004434620888459,6.507218440927392,4.432079064237296,0.888219720687903,2.427133544824267,0
N427,350.56224158095324,65.05948717534805,24.591993711931583,7.649774868674076,4.787972374534103,0.8202025092762444,0.7165809848185865,0
N691,248.17033271999733,52.323873844310114,16.380255418283237,5.590649658622299,4.639914260579449,0.8122502157805284,1.1165517013028714,0
N545,237.7308649649586,54.577025393043314,44.74656516106812,6.534456195117084,4.260982572933736,0.8400316057027322,1.6089630872018907,0
C123,47.9632438900143,97.81416875583004,76.72014851945733,21.388956590045822,4.876477052899641,1.0,7.165049286517065,1
N675,260.5956610601779,61.18946496429916,9.941525688812655,7.658780865977576,4.889687388969925,0.8459846414064871,2.0300098631325114,0
N690,283.5826757185028,51.204970943366895,27.773493232752863,6.042332954032381,4.5350873941231225,0.8860977814064174,0.8535467792746086,0
C055,61.817298063195416,94.77145966323648,85.07741469562288,23.99493991184605,4.902104091670383,0.9941504389137056,7.013563741968466,1
C177,46.92998769984474,87.49609871423183,84.48015813298677,17.798517830681288,4.893905409963812,0.9988831857720648,7.363747383991495,1
C033,42.74787484056358,92.72219247622992,79.28024186045715,22.991789051912736,5.015690831656335,0.9977584414083984,6.793189082466554,1
C035,31.29899587090201,88.16812400143367,82.93370133282788,18.37529148143848,5.019411823707092,1.0,7.556363350457789,1
N258,205.83341546241587,62.31596362563478,19.6432893506592,7.392602234597125,3.943106585195182,0.8355884193948628,0.5101690504011442,0
N336,318.7248040435327,66.85469406409993,39.82319885693472,5.868138824077305,4.115014673176543,0.8223685031509472,1.0506393043991944,0
N016,323.7450728529394,65.57161800091711,28.50831339204595,4.840410511223823,4.134497990050238,0.8415980558999656,1.685578033016995,0
N902,263.2653066595493,56.197582671327964,26.301030302795667,6.963212417619025,4.657663346376909,0.8616624005252863,1.7306428059547183,0
N325,269.3389988966009,45.677719927970905,19.59240742895615,6.237109771173236,4.7044239094971925,0.7160880811392712,1.3168757291848732,0
N608,191.4552679262601,53.70352606345642,27.80414176334024,5.183482881605493,3.764925229282429,0.8707795361005578,1.774899832570547,0
C054,53.82760388294578,94.12565240275065,84.94484931617902,20.4583314035312,4.737928902859091,0.9946328523618332,6.592900693204969,1
N791,276.0291314612871,66.3564148449903,28.6618119792676,6.276772021931847,4.598272734148129,0.8993648300027386,1.3563529884170715,0
N223,253.3285368916777,49.76008753150627,12.561279478041772,6.477371404326569,3.8533995027500936,0.8826199452203537,2.2655654337386477,0
N180,303.0937324316302,52.93708179312902,31.910899979098883,5.415163491313389,4.495479773228803,0.8466013508192676,0.5535632707435124,0
N100,208.7945059987472,68.62341964819032,21.8876370308516,6.50070616362985,4.626203816005173,0.9065999918685508,1.7748731865828704,0
N522,196.82395117874484,68.5254737866688,25.37858008692201,6.116085019810623,4.174807249733283,0.8707911589588129,1.0053823164413291,0
N023,115.62758162588278,65.07765376036451,7.367670077950294,6.9240923583546765,4.992883316908866,0.8383857441043848,2.00762828896381,0
N357,304.2130842012927,44.86879465037218,17.968638945520777,5.9753051640390895,4.678582940058933,0.9329771799502292,1.6219365566739132,0
N734,282.4167168745131,68.41186313977056,0.0,5.608151324275075,4.424077387257424,0.8668837745733551,0.9567067429075048,0
C094,52.16490987085428,95.5228160645758,83.16536122083062,18.876445007613317,5.160366930323827,0.9774496024222792,5.53040524057702,1
C112,58.60467625678028,92.25236825333712,88.91987428177964,19.58115748889484,5.052097418735521,1.0,6.383025298290983,1
N612,273.38123937667723,45.90242191850332,10.081697415507232,6.63055743268929,4.754138105572985,0.8887204671329392,1.230600015698597,0
C010,47.28034663418996,92.08300755821422,88.47983307846056,19.325754069432417,5.019933842610826,0.9845341533905916,6.411496011368453,1
N341,251.44820166576665,51.0648921436895,26.94156443364868,7.836745913168602,4.039654561625553,0.8802889841766348,0.5773537002787954,0
N432,288.41467354475844,47.6955260710974,17.568587563597887,7.6689077389676195,4.485144567993408,0.8986801403280144,1.6676327255973864,0
N962,166.9714272098245,64.73536255847034,11.50960935344909,5.174528009618773,4.4293892886709365,0.822582008437626,2.0970582245802403,0
N218,223.26648883211448,61.58194431078204,26.874256864188105,3.867422208281843,4.36616132037152,0.8540603206864122,2.0382059391371805,0
N204,151.23688534223305,77.7363294931007,17.16205257173155,4.4387178878817375,4.312844794453944,0.8589465343183723,1.9188755104038564,0
N906,187.97326816185176,61.41993852931262,5.962682327802272,7.10255312064893,4.412945547887859,0.7867118843062715,2.282283881194658,0
N923,316.8526981442824,58.55507012918666,22.34081801264947,5.322886793655014,4.643801617866215,0.884937219750789,1.503448411902468,0
N094,299.0475254875138,67.22007259835914,25.664212037359714,6.77249589138734,4.643830828596364,0.8831876661224345,1.1759064528268175,0
N911,232.19988160112464,66.12320907563894,3.097376799530835,5.087775901129681,4.403763527254429,0.7393849606886466,1.9729036297722824,0
N069,262.22806525108336,49.08820361252873,20.703546393821146,5.759586863835765,3.919456203148607,0.8493594922990707,1.6416675888586585,0
N895,269.9273388463951,53.63963499280898,14.269723531606363,5.02733897452116,4.467085911186829,0.8867007791735791,1.5704469408917143,0
N285,224.3399597503877,60.55807025168762,15.380945505591589,6.51344100054507,4.439139091942108,0.7746561656637092,1.751402411283898,0
N697,289.71982525445765,48.618221304749824,14.80600183387601,4.911852934325067,3.84282548160604,0.7719955297578485,2.019479529242348,0
N086,277.2539834406412,51.49061373687402,26.776272226892065,6.416105647313966,4.184229584998236,0.92310922400613,1.5711864865121346,0
N435,251.3646994941977,60.98306930059146,24.759891976556503,5.886471339416371,4.369305828168628,0.8319197724408354,2.8990155215598468,0
N797,217.74738911269745,68.79360329087439,12.018341726299088,7.122791863241681,3.909143047317941,0.7720525575742234,1.4107170887740208,0
N154,274.3266256463294,61.1810506970643,16.05888347445099,6.538335444030968,4.453956114954213,0.7968106397224601,1.520813796460341,0
N076,229.0125493767258,46.44320333900339,18.46879905477212,5.9979771707468,4.971221254130444,0.8355746504683845,0.9949031490513962,0
C043,29.71408557478081,91.54300457899696,82.61631451651284,21.83210655273497,5.265293455658395,0.9812066314372946,7.681010864146605,1
N581,200.1387027831599,56.29310653150709,25.625321251213585,5.115037230165165,4.0627381099850295,0.7939395634549543,2.3756881094868567,0
N447,251.25126160965127,53.37336915496885,25.99318993595396,5.953098973174241,4.585501079361866,0.7973849923078568,2.775296412094384,0
N704,230.4202651701357,53.98292713920849,20.79776199890112,6.895513907958168,4.2444078805951415,0.8718393179667769,1.0983130956010767,0
N189,230.15762721827565,48.54940637002371,35.37880173936907,6.270467702833062,4.842880094182514,0.8504983220149261,0.5528264655469805,0
N272,311.94013277924114,45.48835830345989,31.40310825690222,6.350050276248024,4.433059291340405,0.796796903156028,1.7647777754552212,0
N237,269.073563718186,44.607048475940864,2.56535864366478,5.891678000446531,4.4079267424359525,0.8592260430158628,1.390950016822074,0
N488,237.9895273719073,51.41989895163698,17.060067191294046,6.52529337488727,4.252126669994832,0.8486992162163932,0.6916025208150061,0
C160,59.44849810394832,96.1591913202732,90.54921025209867,18.756265411039863,4.799075398488616,0.9816807617393069,6.467962235333867,1
N560,257.4861919076734,49.99949549841008,21.31517979952753,5.932277469204025,4.624418139262918,0.8810043922980998,1.0837648579004329,0
N118,207.29836685540675,61.29483095211519,21.163169796077813,7.225033408474557,4.2683637638415215,0.8473641916386854,2.105828995125763,0
N638,263.22114253055565,50.69542772308958,23.135212955535494,7.599995578808063,4.452040175936805,0.8207203819182823,2.0655721579305064,0
C128,58.84627144010746,99.50703275501616,79.17764865633293,19.960770834494003,5.078819649731142,1.0,5.887699308540951,1
N751,249.47741584380304,56.646902759477626,19.373168007770587,6.418004383316054,4.31165462981539,0.7766478157160941,1.505285422034804,0
N513,230.23541040196255,57.05268659026769,11.954571899195122,5.689110632142364,4.391978823580789,0.8210336415995688,0.8310376259951685,0
N634,296.1106441212048,61.22609155501589,21.17336222042232,5.9526468261968,4.341076633267334,0.872114115407684,1.4933302118970282,0
N786,281.10340725502306,50.76554067991834,31.049264933615163,5.120736095527858,4.121601333219463,0.8447436830697407,0.5882973236981627,0
C007,51.41337465923039,97.4481212835626,84.5051343917147,19.664039777406494,4.927467836755907,0.9941462487326128,7.040724096295429,1
N853,214.6816260674987,47.41875939575427,19.823980450072924,6.526816323369538,4.763412720232594,0.8301807126953882,1.760466482588542,0
N127,213.05798359434408,62.08649480976592,22.89646068369996,6.254103090168728,5.0504295962374455,0.8872795382277874,2.628405510425916,0
N117,246.5726419124157,51.86718407068599,11.886717753499983,6.381155869208244,5.037455007318077,0.8312633688809975,1.5459058973953443,0
N474,255.69251562501017,44.66424345897565,34.70314954123019,5.457577768959256,3.848630616913765,0.9301220452525256,2.611571615491833,0
N741,287.81471501698616,45.41531395918318,29.515234564047454,6.934319321573598,4.786426057960206,0.9026288414652794,0.8412820428274885,0
N993,272.217860461328,32.51201482772517,4.713316350995566,4.818941099246023,4.363271634250867,0.8825257675923808,1.691733242355576,0
N058,261.232046962444,62.85233712508182,41.03253374214442,4.791663391260085,4.086473858997524,0.8313654361432633,1.8608105138954785,0
N604,257.92728682957386,40.09488083968646,20.5120071040946,5.251151688437552,4.7292631597536126,0.8488107596966817,1.7567182391333014,0
N787,246.05231649591263,54.81540158600436,11.848376065159409,5.889564744061401,4.4860860740827855,0.8119538471499113,1.45353306200348,0
N971,271.636746197851,34.51717261285117,16.551338368573937,5.5768730178451,4.53094300800607,0.844539759474302,1.7176512186357749,0
N657,258.9191718208157,49.63859654999547,24.75789886813985,6.301793972340511,4.440378002192919,0.8198248717931991,1.7121712619870997,0
N903,232.42731132456728,66.8433609869444,32.47094956173416,5.314760436652931,4.306244940276975,0.8484587459349209,1.2574206717407863,0
N922,173.22480973195997,52.20757961297095,28.693176884925983,5.809192619606932,5.097323428188479,0.743120275644349,1.6588493491431222,0
N106,305.5443507654751,55.382123381110254,15.289616609371532,6.460086939716332,4.4345554798760825,0.7888022387283709,1.3915945891683883,0
N636,217.1310942597861,67.47682314969762,24.08886990422406,6.963109288932151,4.7008070483168485,0.8544226433627207,1.9549832523799815,0
N370,219.16055866373463,36.908624668331,32.14164668281938,6.862002102880663,3.5,0.8744091145289459,1.8645336212958377,0
N269,280.48995618694016,68.05413959791878,20.0816486794895,4.406304135753797,4.720662313414948,0.8752738990440233,0.8920695458303576,0
N656,175.44061520381663,55.24635957714893,25.936725259583604,6.073398080050732,5.1156398927999005,0.8622737888833387,1.839655347806369,0
N047,177.87471975304726,49.7594599948077,26.74409293992745,5.787511160766232,4.5644357051382665,0.7871269585808602,1.7828976624769497,0
N350,213.2122253170912,50.60684046821614,13.556864962043566,5.086236006568279,4.71690652024948,0.8705333949253745,2.839237468593388,0
N774,267.90603830479364,63.44365564672228,31.09785016668064,4.867556203312536,4.835842264347399,0.8905541284573026,0.5066273644384277,0
N196,236.9054286358945,55.14054252681362,26.512597083053503,4.360991214679341,5.0634233776621205,0.9412356573571812,1.2189682851700998,0
N103,263.9419202290368,47.63924798175424,19.97944074055573,6.326509125106136,4.628851289875544,0.8249625957883032,1.459425930342396,0
N005,260.679218032602,54.8656132515392,29.43996006233149,5.228758055210307,4.972859653140552,0.8007967749422998,2.1841726022857983,0
N620,238.29970630147545,49.89672642965987,10.234077631156618,6.566607376910024,4.173521821922901,0.7991220687083209,1.4834950956351,0
N991,291.8638257069944,72.19931885951404,19.1332396531985,5.823372100272713,4.413243529658205,0.8748836517684939,0.7528259261350098,0
N053,242.16271596830995,50.76192637119284,25.053326184024712,6.919446360229983,4.817376408775807,0.9054932126302536,1.4178187681670475,0
N264,239.35609549965736,50.83374995223682,27.872887082129544,6.127708786428271,4.323417144007737,0.7466247915991531,2.1703038732943845,0
C093,43.967839554727846,89.91122933061884,83.15498635285203,17.39615618089147,4.833683936082678,0.989794772438445,6.885940455293858,1
N444,273.45075997248495,53.57006399116154,15.762960742859208,6.302822191741595,4.707988124712756,0.7851533481693805,1.4721216194936628,0
N972,287.7043952688866,47.55835960489118,29.26572232482024,5.799411120286455,4.794289844758043,0.8756026254022878,0.4463602603961094,0
N783,259.0648316285186,72.71027346472913,13.35023972196006,7.763120895392914,4.247048738964919,0.9794111554629084,1.575362203247224,0
N847,212.87938825083307,73.49197504685654,25.53211869893953,5.340884935643241,4.6827772648558295,0.832160532206452,2.130786692507722,0
N692,203.5775426088832,51.67323992775067,8.767595289261925,6.887013570287733,4.338863029830594,0.7844350468236437,0.990698449523918,0
N305,218.79369712738796,66.72802659999617,11.497147644225272,4.523197050106153,4.341782675114018,0.8551702083246352,1.5805268957070673,0
N342,257.1150596236234,54.09298060238142,8.05853266464228,6.151916504559901,4.045157196021794,0.7738749705303573,1.635711377833661,0
N867,269.67984499811644,53.58839213290827,36.80301717640854,7.608789114302022,4.623873504973974,0.8518296827343268,1.661820496555761,0
N314,234.84334839706696,56.44612041323835,25.108562227320157,6.1512034618258085,4.089405068994817,0.8809191397506985,0.2715049057669474,0
N150,222.86191084796755,56.65493366868206,13.002943442369446,6.247306739274024,4.220933191379788,0.8532814296699373,1.7647577129295946,0
N125,286.24089490208934,46.32879577551388,21.87782570267476,6.438600079052011,4.657424032307663,0.8367095018148711,2.045239619472657,0
C063,46.42193211562232,90.8720070458295,81.85529798571152,18.22636314751917,5.306907904425098,0.9983556547937744,6.187369241405134,1
N575,208.28396505119176,48.38882620372979,19.104272635897587,7.996220632524158,4.620549632360108,0.7981223588392171,1.5363127152475249,0
N698,230.66862485559005,55.93703591356208,22.04787977331788,6.365235059415826,4.592820328703427,0.8899357674172377,1.1995776781008347,0
N665,271.5877568930261,67.34671101951939,25.277983269328487,7.170189694541584,4.772730425082592,0.9145377401988002,0.7607253037262364,0
N051,193.4294752533231,59.95881369250549,19.43087514801583,7.141064187767151,4.282035377012115,0.8061886205950727,1.7287214011873342,0
N727,238.4952526951384,49.81472771138321,14.511197748787998,4.761037625588125,4.348414049858614,0.7325615096422727,1.112998802014165,0
N800,276.3366501257302,53.24153071892074,23.58909151114616,7.426581598717785,4.057927778180341,0.8095661416632167,1.293483320786383,0
N354,277.3972563964656,48.99008504590849,15.108337399178064,4.504732217030734,4.339511813758125,0.8361904142533853,1.3593878082752735,0
C153,39.93438599572792,92.24107790691312,93.57105679170245,22.817205711951686,5.129042086509791,0.9944322587396888,5.008625819980417,1
N143,205.2122023058011,54.4017689458298,36.663239962538185,6.471025638306844,4.916370322872364,0.855252949025498,1.6129149198368429,0
N471,190.3191085799462,37.75365199479848,7.524984198827093,7.251122067906585,4.398392548983488,0.8283504952634914,1.1179625572011505,0
N654,293.43242729942006,50.89312513296152,20.6797409928638,5.8328498349726905,4.52518722631442,0.8212082031038451,0.8973434143677415,0
N400,312.2454865008259,53.28690422891049,25.91110934463969,6.081534297676229,4.706958422200316,0.76197234749258,1.332119473023906,0
C154,33.57098089009919,98.6382022175941,79.42021531877492,22.267288619150044,4.885784166273553,0.983778155966252,7.404290892921487,1
N938,224.138234721175,48.43492434028352,26.306663646883003,5.644117040554215,4.568276622951988,0.7146797928058677,2.199728536934849,0
N321,333.01877665825793,51.612059581078405,21.98193220783009,5.781522042513119,4.990935038258744,0.850163613193166,1.5706601784325276,0
N020,196.4041199365139,73.54450559480792,16.058637508822155,5.620646018905581,4.337146711068772,0.9045414577265102,2.240788024145878,0
N685,220.70576745307216,50.34066289508792,13.26348721724516,5.598502673097196,4.379860962050964,0.9151146760158636,1.6403772251689317,0
N036,268.27280365217666,63.312990982067255,27.75643029827382,6.181002721046478,4.428049247615386,0.9640873769177666,1.721480772976285,0
N825,294.95259874973925,57.03199686729986,18.387212769392136,6.369069347027149,4.8312896605959015,0.895597034172396,1.4807945159002136,0
N506,238.51544160741548,60.85090762171546,26.388321751166405,5.051764888741676,4.409476154988335,0.8296363229445428,0.5531561271410851,0
N828,269.6240393069225,53.10091076607713,12.43813914034639,7.886860874289124,3.8940925896974177,0.8855763870468154,1.2035627441385746,0
C071,44.85934095075331,100.0,77.77953632495763,22.60026953512847,5.309612145213652,1.0,6.509696148374476,1
N408,265.2367834829992,65.06985396660183,28.44875104281468,6.668098336378678,4.60540736809183,0.856527520329165,1.9183298490526357,0
N818,245.37798728304676,72.42136583697763,24.66942365083521,5.331075757079453,4.478684651534073,0.8663056759194604,3.0,0
N538,243.22196310657185,73.34927986596432,21.93243430512384,7.710164532820261,4.232765042751705,0.8092580511622407,2.083207078002161,0
N759,217.3030028710769,63.47254136783516,22.90985632294588,5.7130386479542965,3.865802032221516,0.8145561832272863,1.868987989508435,0
C069,60.31389204568252,91.97836719159773,81.31675195532746,19.99509201896574,5.11232436995896,0.9863969681463166,6.926364356508194,1
N893,309.84970397265363,64.04399150697226,36.690787832087096,5.633701963043574,4.75597009446417,0.8602658329968378,1.6042697707374802,0
N039,209.74348741798053,62.42847407356877,16.429013414687887,6.479110729132949,4.213328287464137,0.8769292091447182,1.5563449019442916,0
N176,274.8752972321784,62.0537768197344,20.56312329263613,6.931985905705567,4.958341628578455,0.8524801988659904,0.4232846803482832,0
N246,231.56422344831765,52.572798086226754,15.461487115997306,5.193723868225365,4.986324949325507,0.815312255256049,0.0,0
N811,255.59562596438155,54.849569791507264,25.27602122590089,5.997892920115122,4.8426904748959565,0.9025537934904552,0.8422114618806668,0
C085,37.36294041668282,96.14853815269952,82.96227432716752,19.6366693709498,5.280635728463027,0.9934838092124908,5.789676330786682,1
C078,30.732956621637857,92.29219722011509,84.7453913017569,19.92062372561744,5.5,0.9806884349427012,7.655312094726019,1
N785,244.8665656813733,64.50351382558367,18.59707944615569,7.860447062263326,4.747512655741667,0.8446804283958713,1.834005689348073,0
C185,56.06390440132601,99.1509222690374,84.66010715274814,22.017984244068,5.085776484266231,0.9851951228919118,7.065739199732303,1
N490,327.7818079599416,80.0,31.794404330975244,6.550528735727133,4.53159625806974,0.7920926613401503,1.7718756670022864,0
N155,277.9806392914461,51.41921268078867,16.695472514167186,6.4629793457602585,4.412039448257974,0.8712837231162329,2.2913850021083224,0
N639,166.33681962630274,61.47047235136471,28.26509817468272,6.494779380246536,4.164262460606549,0.8616792704604459,2.375857701461628,0
N663,302.2136749863666,57.37955742182995,14.772608146681536,6.681645587861372,4.164830128826544,0.8535656649371853,1.307612762090802,0
N854,234.10706223581207,43.91978197549757,24.94070562509821,5.230840499440816,4.307310660370495,0.8293587257345487,1.9204629753669773,0
N288,232.9933967988435,42.36769207060542,23.44555334322625,6.427738146236019,4.736088884045005,0.8635066358837705,1.4813148222706425,0
N626,244.4475383112999,44.889764070141865,7.035538885101335,5.06839264024973,4.117580146137503,0.8496944237901273,1.708038081014115,0
C200,49.50745565876346,95.42823758684094,84.5796075467532,18.76674788109584,5.228025060474604,0.980138670367385,6.215967407985962,1
N686,210.1779404050688,65.79461167621741,10.886647173959217,6.511760195326064,4.249988969339992,0.7963254702150843,1.51997079326798,0
N873,235.07380769078503,54.15104492144518,28.276086685843648,4.907382506411518,4.842041628524605,0.8463436568645473,1.0587801349786192,0
N570,228.5604208366049,45.02316175686813,18.82435401619102,6.253293167318831,4.262180149377823,0.842187820899958,1.4742650834465658,0
C144,42.27103054820002,97.07105406925818,94.5987609258726,20.34375924820716,5.314329381520097,0.9926352592063216,7.940017124947722,1
N735,231.16805714353853,53.05274387097612,24.415461981287564,5.803779932043105,4.0536552654312255,0.8073510892931975,1.066410836380076,0
N793,286.3055584774337,73.6640526370733,20.158915409889897,7.132123932119676,4.639424495236746,0.831493864874431,1.2085383975515207,0
N018,269.1320257609412,49.77124081218524,28.394065299336425,5.723590830874835,4.312328664369832,0.7786792051201704,2.050126563444597,0
N128,215.66247864409704,40.033704197446376,33.166863011931675,5.607804596288737,4.621391697138429,0.7880104067798054,1.8968236845251347,0
N323,277.23629709539506,53.82342630446552,10.055866922126649,5.906121756736965,4.135466811998746,0.8588811061327737,1.8862413311981543,0
N256,182.37059614017505,62.49742749611107,22.542903976697914,5.914172056373491,5.05371468877723,0.8062422302955253,1.7447926211845337,0
N944,291.2690172565289,61.643805210756845,18.745380680610904,5.726601360125497,4.532264851622208,0.8342469087654028,1.485155356699598,0
C180,52.89322188561218,97.79604862558936,84.20163100635662,19.103028945830257,4.738703409472296,0.9689523400999956,7.862268714616975,1
N191,257.0431908524616,45.42551362846207,13.40917839902162,7.444932117440613,4.121979327102868,0.8647468116462051,2.2846793560006464,0
N116,216.3228069847252,56.72102573295837,8.77477522290302,6.847814541465881,4.416184816163978,0.7696826519883605,2.014188510303569,0
C174,44.73703492887106,96.17122190956847,83.4318606473988,22.44060317701105,5.17474447237511,0.9986531888140092,8.569619010855645,1
N889,268.1147585951908,53.12087862379353,28.318963738738542,6.046835271066515,4.7362847306907785,0.7711696298858487,1.9484122704681652,0
N607,278.00610131369626,65.01232808841188,26.17485498256962,7.531097260243012,4.10572584545921,0.8367406311524017,2.129033385966325,0
N181,239.146351870687,61.39427590585139,14.368011833431744,6.188180351890956,4.59360175402092,0.7679389102911125,2.485922795088376,0
N302,180.02431666963818,74.1303459854527,23.538378931566584,6.389575283536884,4.160180752921613,0.8760855335027428,0.5976262070520086,0
N497,224.95050832731297,64.009090110135,23.563647716970124,7.30561728338042,4.40556300464046,0.8104275265243819,1.3164131119937226,0
N349,267.87951244600674,68.3349855926082,29.582058857073317,6.471445218996837,4.130165913186962,0.8833805985979039,1.2184780455730355,0
C036,21.16584112324048,91.31610213026354,79.24447931842371,22.32831067459629,4.960084502621752,0.9827207369425645,6.791886114328506,1
N983,191.46114707670444,51.19019289596833,23.091293721262787,8.046244644739168,4.683074215496017,0.8081890213410048,1.945870801886581,0
N745,298.9909407250105,78.17024414813285,10.533338451505111,5.458835040799507,4.67387539312992,0.8638092494670485,1.4243144275802426,0
C152,30.535945877026585,89.87233712856204,85.25764104553932,21.10744173723039,4.538565034388332,0.98810118254115,5.9870137912289465,1
N518,272.338786224711,47.90928910897478,25.795198974479035,5.387215353290386,4.801746068009233,0.905335083394349,1.61955795157084,0
N373,177.0833143170559,60.70125885605177,28.483109617588735,5.687136596176964,3.977234186724415,0.7574475205693073,1.2195966856650886,0
N046,292.4788139520932,42.54229020533738,19.4356395839319,6.683212748820117,3.76745875603374,0.7998638215513683,1.1892102043603952,0
N477,271.54754506471266,50.87747178420615,11.558995850886898,4.833871826426565,4.779898350363571,0.7606247145516143,1.2425185515545785,0
N158,268.5366018415947,62.21589955861393,17.63497635757208,4.792766154731034,4.514373709972206,0.9321708020061336,1.4461442694383495,0
C047,48.23068377296595,92.15232882049546,76.15232654310557,15.204817572668826,4.957263004777209,0.994647100182064,7.093599608404821,1
N172,246.3960209631192,58.95014250775303,15.123452776439024,6.487093977042533,4.192146572113247,0.8220748105399736,1.6969474102584423,0
N017,218.39815315892605,67.071678791563,9.914383758189617,6.409197205028447,4.724042660567402,0.8376165901864436,0.8631469944262595,0
N512,194.041514399038,56.59002958858093,10.719567157898508,5.750201100889254,4.07415154373734,0.9554192429342008,0.9520258772495463,0
N049,288.6071767332545,45.590899494733925,14.263450139734882,5.14807424035241,4.722676205568448,0.8608741882822606,1.6457258696185486,0
N192,276.9542077459805,47.6881318626845,19.88317034700258,7.479245457340134,4.092130044562303,0.7494243997795782,1.2701839428841488,0
N547,323.3408282857723,57.81791198442103,8.580524162252491,4.808411453099651,4.461731038633877,0.9227127604591387,2.279309620264811,0
N516,231.50181138554183,60.95565792653532,23.520131902963417,5.447796341207086,4.774821446007591,0.901986997982525,1.7052833505517413,0
N978,223.87100158644057,59.41016268037236,22.61090975638268,6.38161699302824,4.49760911183161,0.7909648587950902,1.1948711678106982,0
N939,263.0412473174276,61.89365899409074,19.75838628282912,7.839466484181981,4.691506488576358,0.8411954259946137,2.172563177997188,0
N829,263.28106893334336,53.486524440183246,13.81015594247596,6.042414683848132,5.1741550441687005,0.7419395543444909,1.4004736962268964,0
N984,238.6853579189668,48.30570767570512,20.43229266569888,6.864084713955108,4.44651193784398,0.8110426224871794,1.4112067262505477,0
N481,254.93423086688705,63.58698989539614,6.390548418120408,5.806653929083417,4.196542878542877,0.8233507615801132,1.9261907491821069,0
C129,34.63385885738034,94.79800936665956,87.94829272979334,21.33941398001813,5.236940556482259,0.9826543468557856,6.634149742992413,1
N284,248.2859494048448,59.01949152429937,18.91821227619145,5.325680461062713,4.3547174633739045,0.8801052221212201,1.0293232966160817,0
C030,31.863884161672782,94.87507534473924,82.3195971144676,16.24543137393251,5.317649336668514,0.9688373211318496,6.771532984837245,1
N798,250.2487976753644,56.443198728709085,10.804695498184426,5.648682642673347,4.91274017546478,0.8433589928445745,2.118222368712728,0
N940,228.9036490942865,62.353150503964216,23.25936679836403,5.325168371383298,4.233854736934758,0.8582849714013614,1.309529065423266,0
N226,246.53346286211837,36.44421611071216,17.234759753461145,5.700179323375982,4.58972276061177,0.8636555735243082,1.7284921199951515,0
N027,234.44050362676256,63.47001056598357,19.375392799292776,5.921207613013673,5.125355115532076,0.9009008960480808,1.7600493433859994,0
N283,238.74048439465977,55.12800881134018,20.32894764382949,8.718033171435,4.635606670551192,0.8383976997806999,0.877971406854533,0
C150,42.75614902186234,96.8879570153768,79.10892131395059,16.65650201641216,4.705703481153663,0.9916907056027244,8.113358060097836,1
N438,267.6762152856289,60.83737951337128,15.80589035046134,5.796932788322976,4.321755218728709,0.8375525451511131,2.418852162080102,0
C168,55.535337988559306,97.07738526236068,86.30324946250957,19.534021509341024,4.801729318022113,0.9867304352127269,5.201992596835423,1
N365,193.8017789118309,52.175798399124695,37.04021725643042,5.341548312846355,4.819669261045144,0.7515740345874182,1.7830248088368412,0
N230,315.18743630164425,51.36718751633936,6.623286626865639,5.366891258984687,4.711265562708782,0.9655942039473676,1.8986592076437927,0
N038,331.2987750511192,79.54468344126803,22.22127274110153,5.525531874084727,4.972073597139249,0.8940475498738755,0.960503933421166,0
N670,267.3582375660479,50.5099665092982,13.99650178562758,5.056595164882635,4.896314386426337,0.8101021191407705,2.224790965503778,0
N750,212.3751503094309,36.57846772959604,15.833810751734411,5.471865996142792,4.414866992309308,0.9211411999787688,1.9066372871034107,0
C181,43.07772268826761,97.1777818575464,80.45963669171788,17.203240134984625,4.7766613731588965,0.9877073926252172,7.590153641390926,1
N375,239.1725283896349,66.76158813072463,2.638536826678056,6.720671048732465,4.278549993218277,0.8901442354335967,2.293412688131718,0
N470,239.79695477582885,36.1122501588726,28.896311583844508,8.061559930393187,4.584857927815463,0.8118924307300233,0.6879678246965174,0
N883,267.1476945485177,43.77234332710225,32.83832430458864,6.063286227094772,4.408822742246391,0.8186686680438106,1.5298969204132105,0
C182,36.47619762025924,95.6047366042114,88.18647153898033,18.157089697935305,5.114453132378217,0.978977040965022,7.814896222067131,1
N688,293.8319736019847,51.25192471911683,28.5260375370128,3.3562314457381905,5.143721407068762,0.838932287157269,0.9647651370296704,0
N033,219.79647800410052,70.74015377575728,32.80344529646904,5.544500332717821,4.3820496140842335,0.9039856879675856,2.042048020903217,0
C011,42.38942311132339,93.73112128359791,85.93350115828389,18.30182560658276,4.853725725556327,0.9933057796176298,7.359021118739813,1
C176,54.78158911596567,96.68044225379224,85.14268913318143,23.262553298521222,5.048759088698799,1.0,4.726266962190882,1
N195,311.79359154944365,47.16555813517772,16.254125184674443,7.439482525422441,4.590251700257938,0.8062790609776523,1.7244606782986138,0
C106,45.63267599101653,95.07743584937069,85.46774572595625,19.606539748302925,5.204658312048186,0.9847632177276584,6.501732201033828,1
C114,57.401303751564896,93.89012920866186,87.77281050948062,18.96587180912442,5.21567504019151,0.9827188251084784,7.058688785514868,1
C064,42.35010015701887,96.49617819897242,83.04768160799097,20.08507672168224,5.113196595672955,0.9925717971646266,7.453119333493212,1
N504,237.8505499304389,54.76909401603471,26.20051883050452,7.970523053938436,4.403082480811131,0.8338410325285717,1.4376158098038752,0
N916,207.87276715587015,44.36922366535247,7.66978729694846,8.318256387960071,4.584363335605028,0.7709761198102412,0.7018787937702411,0
N977,212.18963212418765,51.99481130046874,8.889554483711951,6.1303567588295,4.314693985770068,0.8864008295001554,1.927664319694904,0
C183,25.88120356530529,94.53541397440952,90.89726813171912,18.84402035385308,4.923097469276798,0.9818942492599952,7.296802979947633,1
C088,44.22577219969183,93.5084835951111,82.67511986846031,21.917372805881783,4.645393645798026,0.987853286391946,5.750043759796146,1
N801,263.54898660142584,60.58071801969304,5.4041126689913295,5.759764030806968,4.5466402897557945,0.8523201126295139,1.4719850539694197,0
N580,210.10949589119824,55.84538259977746,12.44058094668388,7.0588640713552095,4.50418932693712,0.8589225054484378,1.9165289766984512,0
N161,249.10787577565532,55.30872372265451,27.936321258719744,6.899828782720666,4.526858365877,0.8357298858731281,0.9239764365649122,0
N681,232.3934178161272,61.36159770511138,15.833290334656052,5.825673207730778,3.768077862688562,0.9144022690475202,1.089381371275658,0
C198,49.86856346046144,99.97175453829136,91.89097286792608,23.245725360407885,5.107894059601867,1.0,8.162640391378709,1
N163,244.33092637197137,53.16826091659813,23.972775176968444,6.683128462373201,4.460695040030335,0.8788198868518594,1.7041224184124628,0
N822,229.91832918876167,49.18322035784073,27.03132390089401,7.675697289932438,5.208271064786659,0.9113572220203466,1.1735171723601932,0
N706,263.9284144069619,52.33881788033181,15.588939476435806,6.7080898352977165,4.54539642163402,0.8645626475158301,1.5268740306322557,0
C009,71.3669355257091,98.08623380695846,77.7508530134382,19.184065452568145,4.8751672489749,0.9848509259573732,7.018486490705251,1
N878,197.95862835569463,66.67778209041994,19.38107270028091,3.73198216421466,4.679930868983915,0.8518711188757541,1.1958569595611774,0
N896,226.38204990408877,56.40664558738651,1.969080388301485,6.850143193012963,4.072098001268213,0.8306643993813743,1.2211688431349388,0
N914,254.19732109319412,67.45424835150298,25.146408989156683,4.14104746465136,4.304147963356241,0.7968521240919626,0.5645422954387838,0
C199,50.66532526524749,94.04188956634782,91.874541246895,17.362172571691957,5.035764820075284,0.9862910658638642,6.857960648672073,1
N153,260.64653885534767,64.79093033462468,39.37989420051736,5.524509018748337,4.832064575611381,0.9410801511268474,1.1866384833612895,0
N979,239.49662859136197,58.24335359137888,21.532312916656583,5.794137251725311,3.8206112474503073,0.8159229904195057,1.174187296170813,0
C003,48.5115316895458,88.25013861849347,89.55867053992455,19.6023928669833,4.803728903436822,0.9844534178044234,8.71686161647279,1
N510,272.8656490756365,47.388382289173286,19.82597312225968,6.799430776062666,4.8679997794010585,0.8206260592298346,1.7799273984357793,0
N112,166.29570344894913,31.178824665254247,21.30276656973673,5.019418899587129,4.522477262998483,0.9220137012340948,1.380172996250418,0
N227,300.0154021323487,48.026788763328334,8.98763575701494,5.931969707199489,4.600582596202024,0.7829291136831052,2.0924754401104355,0
N986,234.58703084416376,56.42453225869197,29.181507070396112,5.557303137176719,4.72772189867542,0.8719865467774376,1.3488753646959626,0
N852,235.19611065768703,54.80137669587775,23.55565445403651,7.096079418675064,4.430494807756357,0.758919832582615,2.2867871816385272,0
N104,239.66083183824,65.49425240218366,17.577077405447064,5.478744180246306,4.472636815894365,0.8507826390353901,2.854828064501495,0
N422,301.89364730858307,43.93920467101122,22.75943551809853,5.857755657466609,4.534133546849104,0.7231733069261566,1.4663714393734113,0
N420,224.65517055912196,59.45231747503868,21.49495115784269,5.754063152727014,4.698899309467918,0.8038101112247904,1.6292749408849323,0
N625,220.94660329031169,45.37083773854911,32.17060897193867,7.865912995193204,4.2324218671228575,0.9227618059481532,2.136870474696474,0
N587,254.04985807459505,51.24750753379649,14.975244450160751,5.615651126049007,4.34812846349095,0.8792194959229218,1.8571501585971104,0
C061,49.64112884597314,95.8244757093417,87.53157526042858,17.318831849372867,4.52526334599185,0.987469563575146,7.448296300670541,1
N920,335.46040618044884,60.18741188094739,33.761889090468614,5.785231459100781,4.319415574021266,0.8522540481247001,0.3607244124456497,0
N673,230.0931043260527,60.82082152203053,10.12029089974648,5.929180166875328,4.687361697378838,0.8506556111385961,1.4427449331563924,0
N120,260.2577498752328,43.010757417848936,20.498536816876637,6.420588090033451,4.292683979217228,0.8589306754513122,2.1927804796412977,0
N054,264.53735748912743,65.71731965359564,34.75874140313898,4.463775031558118,4.467367850270271,0.8634038646603976,1.0352449539582596,0
N152,280.11088824334894,65.41738204427311,12.35178302714218,5.892518326952605,4.274926595608708,0.8443819267284516,1.7912967499297687,0
N404,246.6201385648565,53.72315256885489,24.68894295401406,4.959657164555853,4.519053236285161,0.8899330632731116,1.805642295724504,0
C189,53.49533116194739,93.350878673077,75.61093702762899,22.34514039527925,5.02076559312708,0.9903034158752512,5.806884890602817,1
N208,232.25820281145667,50.35249183826959,27.7852257682012,6.2728351258074335,4.3702320039434,0.8485413268651677,2.0148490482526804,0
C135,36.21818940105089,94.80164528458032,76.55116485557761,22.537428328179832,4.8935375638684855,1.0,6.878388308028384,1
N659,261.3145486843119,48.9593233873152,30.47068527300225,5.564482142062905,4.2325645733697765,0.8971790870897007,1.16189145263001,0
C097,38.8304981004333,94.49038511804578,92.76481429392626,21.489762737672457,5.130912917537371,0.9856658555796992,7.213729239010781,1
N233,218.3275185315313,62.82331919128255,22.95062097962279,4.551881731099045,4.304184312414317,0.8460862484815936,1.3589898556460946,0
N009,240.04927754017277,44.59323371806967,15.396516377281792,5.136768929909185,5.274545732972236,0.8334323003324308,1.0639189024582931,0
N160,233.2256782355376,43.95494518630821,12.521617185083182,4.680142097132575,4.654819230469395,0.838342038908597,1.3545386927104657,0
N037,219.42204969848777,46.85142192333937,15.543355878256513,4.116710264836981,4.469193760409861,0.8770729921477188,1.5777613318063897,0
N453,227.5917611038829,55.327116571720886,24.003537327878185,7.140622905149304,4.961490710211355,0.8255982104545844,2.3678876314053063,0
N652,206.5981505605225,57.232522126100726,22.24672637302634,6.178694833146308,4.478900762935748,0.8003635827136357,1.439368462956051,0
N254,296.9930716186463,50.88111149923942,20.92198205270144,4.450160913555576,4.719766559737978,0.8798648387467783,2.2759478438117444,0
N304,204.66916016130227,60.23531692814203,22.55996170067351,4.681028851014397,4.251961854044182,0.7779551164777556,1.0176806053786578,0
N897,214.62584377276363,66.89864827239708,24.281878503462934,4.493430855374476,4.236892931775419,0.8197241009181313,1.9886164236511004,0
C049,53.37707864517057,96.9891340955951,77.87042619790911,19.402261636279874,4.715265381908298,1.0,7.619588811812296,1
N881,162.86266369773966,65.54483035383308,11.344856131370118,7.866833804755399,4.338220653098969,0.8678491008723672,0.695547036087464,0
N572,198.3047804714929,49.81332601953086,21.778434570009505,6.715077567140229,4.168936397629539,0.815344016829089,1.333107027799068,0
N624,297.90568799757915,74.33856757199217,16.948737243447834,6.93693027362328,5.03877882970226,0.909036967007142,1.0671992211174364,0
C145,46.56228816179537,97.83595356833123,83.982344614781,22.145068376199823,5.140455472228164,0.9895966603141308,4.992518824658835,1
C031,52.60605176111998,95.17405314817924,84.49617153659322,19.02513920188401,4.550985757911943,0.9757352567526184,5.705617542299122,1
C146,30.00882410219144,96.3666925180194,77.55350799743856,22.05170326347525,4.860790640194876,0.984199573351948,5.921774155402895,1
N263,266.0332566012645,62.88282763880706,28.67453024425929,7.430732020214906,5.2815656641449005,0.8278467985962694,1.3244531990028774,0
N611,200.63865451215003,57.15691480410272,2.088026640178548,6.316528332669273,4.563568940467061,0.850566011997818,0.5500818631465607,0
N298,198.21297284997783,61.20328902907982,14.735781572812076,7.233406585071012,4.496371519524182,0.8449043759697971,1.6766426237585836,0
N990,370.32355311737786,46.7631858951817,15.835236468158428,4.938424980069314,4.486253215523463,0.8772491334026927,1.1548335745072218,0
N415,262.34567690026506,68.42419602474057,23.59437464857192,6.784003114436647,4.466064738817393,0.8732843084849711,0.0837674965078565,0
N151,211.6947306577863,41.59668175387687,13.850575827221492,5.434096707245394,5.372549725022527,0.7819440638797162,1.0323860174962791,0
N946,267.0193580980751,54.75232983904188,13.994135384808905,5.188471016844992,3.9522346733662608,0.8664447797923488,2.020420071189383,0
N473,268.9797135827245,40.97210444039217,15.783979259239548,5.962062344080226,4.492515305467864,0.8291611851647418,1.819977588933855,0
N953,238.542311528121,42.84490569839746,25.888771471824597,7.277983514359431,4.425942581083362,0.9027156045027774,1.849096206774202,0
N988,270.495955473544,52.15088354971584,32.50851138318567,5.075107266463646,4.452133640082295,0.7450129782586726,1.0122002980762037,0
N779,150.6931022300154,49.2618656138743,13.45567216127436,4.57583828358124,4.561794164473825,0.8095453373154404,1.294100897032896,0
N641,241.251812333068,58.27057209236698,23.75307886319338,5.011386878954297,4.291966841147256,0.8345054608684318,2.0001289599921943,0
C190,43.95667119873635,99.48040927440614,86.46038546963645,21.143015042658707,5.306595474508753,1.0,6.5897904140596255,1
C143,53.60722242872368,90.7693978274913,85.39623782408647,16.396826559865765,4.938926418188178,0.9775582060580194,7.434315255052262,1
N551,147.6144901656932,54.490193860727054,35.61810265096043,7.221805030378073,4.291091307205861,0.814974081405624,1.109363402971718,0
N640,261.462305251414,47.03614794605127,15.008769217111276,5.8447878792381225,4.35533394587497,0.7804352049710136,1.2839597396194,0
N936,296.3408309572177,58.86704397248015,21.092800142455445,6.133428411204501,5.191905235734176,0.8866622948191379,1.0613409525522537,0
N929,218.34848650532493,43.65219024309774,16.40243101055124,6.720595582441736,4.09040749380604,0.8189930345375755,0.241970909175867,0
N489,284.2872757959848,72.93106810664298,23.01097629642941,5.282045764828851,4.140924032032486,0.9217017720670652,2.14072986698374,0
N820,183.78456206630412,68.47576795865545,26.640076896313705,6.729231392130452,4.715783483539076,0.8765718025158379,2.419033433136604,0
N711,258.7978905299328,58.50751345283649,18.10377250983656,6.636461448637422,4.393122571406894,0.8128969129235565,1.398507385830366,0
C081,46.05374618706196,92.44971263773787,75.60596419107785,19.87410978887226,4.9841136595405535,0.9851263760323404,6.137755395669819,1
N148,307.7420642220766,69.63155470380408,28.71663906407685,7.532372483682864,4.090089981336583,0.8408891339827526,1.425281097039815,0
N147,251.20245461402487,55.08818576278243,6.192464599406337,4.279436681057032,4.586424302399132,0.8320388190741779,1.2099776683707264,0
C175,32.303556373299834,90.86747321091028,86.13464482549068,19.579842192323387,5.044475653014675,0.9975897536876384,6.429929192433077,1
N963,308.42083662510936,48.74683259780921,18.103795088639025,4.666815038978746,4.231691288903217,0.8803647790249033,1.7270777416576042,0
N346,262.340044347952,57.02294688014538,30.11809591020026,7.416907730186498,4.098638632890267,0.934346778349685,2.20769197570879,0
N403,270.5283255636202,62.14884510700124,22.630060828189027,6.217011612517847,4.499430895035084,0.8791559322838813,1.4200301895972691,0
N932,175.38828679179943,44.90030112655691,7.88670983228131,6.3617389949330345,4.788917143103329,0.7971337689740594,1.391368399704349,0
N955,244.48768950814613,49.58787279152129,16.71498289297311,5.445307346866387,4.342535978274774,0.8378140538088714,1.696072113955594,0
C125,45.49246724755021,93.84291537040502,87.37174240693001,19.92167725163928,5.022893966915562,0.9985972557209308,7.517256215760423,1
N660,302.35698718162075,48.22759740544714,15.553248208368071,7.10177672472606,4.796804733936436,0.8329038041269106,1.6021798919549224,0
N464,236.85454937567027,56.83699523377175,24.36917638200859,5.734561896138488,4.075411865695469,0.9024644066204692,1.3923696136124468,0
N187,177.31792465726772,67.97419808639151,12.735583357532832,6.275457722443163,4.71954433034623,0.8616780206702669,1.8674570051391224,0
N609,170.76259095147913,51.12833550571981,13.38788354271881,5.991851942650847,4.7995560989928086,0.9288234710525805,1.4775958759901011,0
N144,218.28117118667583,61.40519109692162,24.90257614127134,5.329404978199518,4.735234524907438,0.8393768568583447,1.789069622850208,0
N752,280.06250938380475,55.27700465762568,16.984667607542864,5.194276609973098,4.431703106493215,0.8568886832065016,0.6411327150934096,0
N982,197.9830936940753,65.18237582039066,23.80916100788775,5.038831731983104,4.1577527678140695,0.8342989038871911,1.7348285641949586,0
N198,300.67937499156267,40.86731562183481,21.91235691245195,5.969690363049665,4.161257585985659,0.8566344092082814,1.3084619019755312,0
N884,220.91748806516284,56.36729197788669,14.68042230106316,4.535011979289328,4.064609086308071,0.8271090264117376,1.3790939415280623,0
N280,225.9591084539888,55.66774781387287,31.52964303664901,7.103779352338692,4.616155883152843,0.794097985903867,1.423285469896101,0
N294,251.73865020556505,42.35669569407376,15.98964292607324,6.821870965624456,4.433809360811717,0.7913073324420904,1.2733858074988538,0
C089,51.52396857252902,97.86057054884476,92.16766779161266,22.01903617307453,5.055000828403525,1.0,8.904987175998976,1
N401,254.4778180803503,38.43450977572476,24.746424318356937,5.628865904634793,4.750370601798945,0.9377838175981152,0.9265596042930851,0
N123,233.37630952604167,60.07746517204705,6.907129662326419,6.292103727862314,4.866418659068297,0.9230060051796568,1.6770998061684663,0
N203,203.5529720303499,60.56003365070082,22.25238566521716,5.973474067148003,4.354671212129173,0.8226615874189036,2.2558961427512,0
N836,258.9807277738064,58.52153428532428,16.34278416597001,6.121376998783517,4.696258529383855,0.9418750458289188,1.6758663316973534,0
N247,370.1662863266092,52.2347792000892,20.11658665239533,6.701471276050595,4.380438772592662,0.8800550896391744,0.986795603130562,0
C140,62.415941949979896,94.82398175711164,87.94983475011392,24.27621129335276,4.781128401509583,0.997467766585762,8.116354287300704,1
N385,277.019737300826,61.82561963184946,25.96822727258457,5.545291316105348,3.905311552954605,0.866878967998063,2.2786328752268887,0
N855,244.38983629958312,52.56095218892806,9.810591980209317,5.591264494426517,4.43379369294124,0.8448578649647027,2.312778358084324,0
N220,158.3195200408545,73.54460256150007,16.291961299432987,6.170593430216148,4.438787664010433,0.787911122893076,1.1970376477344646,0
N642,206.2270604000052,61.28755642208071,16.60755477232533,6.569941553738547,4.666066446109443,0.801660068378015,0.9404334859731656,0
N002,240.0277410858866,59.25276228460461,19.92658259344136,6.743530803786552,4.370582686131328,0.8347970734046501,1.76788580948158,0
N113,287.54455604594773,60.53720151985777,30.42201105818676,5.357086808767953,4.868904178552807,0.8514519841278556,1.478930697702471,0
N699,210.19527252186012,53.18177486541049,20.782911922020688,3.792587863501397,4.324382430123591,0.8812928470267485,1.0482712191003618,0
N952,250.94564382825305,47.999293253297004,13.978236607203812,5.033422731339245,4.626829502233578,0.8349692238527081,2.441149931652651,0
C079,45.675996473451015,96.37173326003176,83.6886553433699,21.93965487855547,5.003120116817803,0.9848656975352302,5.4270187397308725,1
N442,250.4430152503028,55.09240778995779,18.5814151368546,7.129549269108337,4.785680014939517,0.862722654894956,1.407416374750977,0
N664,296.4142846469504,53.63745540430936,16.854623740694226,6.545615634166085,4.46396497906967,0.8843980890831137,0.579076862846921,0
C197,47.63018685530765,95.39176030973412,85.28458559448703,22.89090186253257,5.119968383333656,1.0,7.197616457899839,1
N318,255.63037781639076,39.63314582994293,35.05219400845965,7.742115090575994,4.816682536850767,0.8489358309345971,0.8758034387837822,0
N649,260.2681373846871,67.8573169048335,23.18380262221834,7.187975829522771,4.2532901659611095,0.8268545118238532,2.125085591617256,0
N710,240.38134429908183,58.4923373357967,17.064415591875072,4.80383860050314,4.311775333586482,0.9231709237747332,1.2871781516627148,0
N973,212.6018911853836,54.60752309829547,28.367319975150103,6.782650863487258,4.372171278567524,0.8304448275042249,1.838493034827146,0
N628,288.0441738850806,48.42761814929298,20.3504681727389,5.723234093806418,4.884097029576686,0.8657533972568187,0.4654140579280494,0
N633,257.96207056097586,52.76076213661928,12.800775625160064,6.199273928833252,5.010948868818283,0.8137838605814302,0.8343636927740801,0
C172,57.420663773716456,94.52378465477604,82.95630291515563,24.38228559367745,5.209430615220718,0.9896774873341052,7.49997829873595,1
C107,38.84067173884532,95.71881154643508,82.39551826200545,20.202476961398027,5.178175064236746,0.9908813434085092,8.773427578351605,1
N796,225.61535287554287,57.86225479758476,10.967915666563783,6.299613513501902,4.715363629774856,0.9005269647004729,2.006879657762432,0
N646,293.9689700411046,70.39889660769339,15.52423014486918,6.568580961149058,4.338257299867562,0.823086991889586,1.6285630257670904,0
C013,54.84347256608032,96.47966540956706,85.19034054837162,20.428022388359945,5.017341670996395,1.0,8.50645380355363,1
N557,279.38668188931683,63.91878206019375,19.124534132097537,6.665711821902652,4.378694001609682,0.85278522240861,1.381307336444733,0
N682,284.50997896354806,40.69552178090872,15.556786926479411,6.65974516508529,4.643004133548329,0.90850622570105,1.0988696734288528,0
N578,321.2908678003754,64.5926408210289,28.096461530313427,6.407405729648088,4.792651417804472,0.8952239393280542,1.3240771386660086,0
N525,260.10553134931945,42.0031603156892,12.876577498206624,6.78514034916161,4.142734827094299,0.8674503500388282,1.2875308778321433,0
C060,58.41636730191669,96.81820719691608,88.85158157884072,23.629886139163258,5.075759680566587,0.993620213917188,6.824697831261819,1
N541,181.99862446084484,55.454210098518246,28.69564884346665,7.47344205993836,4.375192550810506,0.9059837189246503,2.7991374545004977,0
N749,207.5779434635946,46.75570803062719,27.381232988238267,6.36626794813565,3.9856185436956872,0.8098454160670288,1.4981501596043516,0
C110,42.062647052228286,91.4302764675656,79.69257658172783,21.023997707771628,5.068324170208076,0.9870225660444092,6.80505863394511,1
N485,200.30302053792013,74.35192741140892,18.76699207694694,5.585652894652084,4.296339500574281,0.8627079216139353,2.471332069215676,0
N096,170.27142118985785,51.84496501438545,3.0523859338246417,5.7859212907856845,4.298960108952107,0.8701403163117497,1.4777158487847588,0
C021,56.69001043205526,94.3950914033359,83.41318639844445,21.20120694757573,5.230754126195132,0.990161544676124,7.604921235906218,1
N564,261.72947788883414,68.44441836377145,19.980379664545158,5.938435777807848,4.499168090679376,0.9086618892081828,1.0483531995010464,0
N743,287.7081845677762,61.73634942859262,11.909757810074463,6.513631188628842,4.4676173665552845,0.849583622846512,0.8735003560183531,0
N864,164.82308873315094,47.53394239471409,22.73721733047216,4.927048008480453,4.072733866249064,0.8175908778995798,1.3516976764824875,0
N892,189.85779916946728,51.583222825506354,17.833807920453626,5.294315498528835,4.1211705987957545,0.8817708153665214,1.3524772668761682,0
C039,44.85336802961711,94.24322991364986,75.43977699542363,20.511316880145564,5.15752293753034,0.994492447591128,5.474257544677213,1
N207,256.380098826286,60.591440154499885,4.607861355181859,4.9366068025271765,4.980239136869852,0.8783956763970124,1.847803874706444,0
N393,291.23699360149243,32.08135179933503,4.721654974311441,5.366621129163829,4.716558182512109,0.8357592180516736,2.238822299546075,0
N795,156.54830577874134,62.79895100289978,24.787414504734294,7.366182179138168,4.940677061180751,0.8092516241296668,1.2005375927347417,0
N871,199.94016020124,57.05457995150153,24.672074464720627,5.213988278359721,4.497486954991864,0.8716124555518654,1.050298112661359,0
N398,317.8151879479367,62.38405923844891,20.76856225325837,7.159037401391255,4.047704429920623,0.8756811954572954,2.355461223292775,0
N767,241.923676208135,53.979898963415934,16.4737918111078,5.653075891251905,4.80597107028879,0.8408366763532312,2.411635816662765,0
C100,35.76761914460192,100.0,78.25614097966005,21.78804007107605,5.249155049365276,0.9821832131052848,8.207666616904696,1
C029,36.49925788207376,90.64883437588296,84.83803300210944,22.27536757237704,4.634522744962086,0.9768968890767686,8.184954172744611,1
N643,214.7496308144396,64.44580679507234,26.92372417289303,5.292742113396677,4.188316860562139,0.7936850480764892,1.3312617028133735,0
N613,199.8038389544684,51.60944267911111,11.011292780499296,6.000119225264099,4.825333443672057,0.81663134307185,1.9827074221393053,0
N961,239.60837385182708,33.11701696706466,22.642747986247045,5.313870510257566,3.944393124103626,0.8266845244099251,1.8828658619828524,0
N726,302.12830227441134,61.30687703466136,31.452378383300164,4.328553283278956,4.175355221942964,0.7839588992749462,0.86911364861474,0
N684,311.10961554394066,43.69952214025199,30.72724739745688,3.754575526327838,4.5414522764792045,0.7655285604829493,1.411855096954608,0
N099,207.78259470562185,58.43076516968785,18.788634024008008,6.383087391452097,4.639265218831581,0.8653039112664407,1.8864356834965117,0
N805,282.87501422457706,65.31062237628059,17.343291796791988,5.817848983317761,4.135112241556756,0.8502344893924803,1.470898391145978,0
N407,245.755777367587,56.71497483315716,32.71469863978866,7.581662708149443,4.718695433339274,0.8652397783282537,0.5229110962499962,0
N503,159.16003902670673,55.99765048269253,15.888168229046167,5.5363845872088095,4.691728487237426,0.7996303964176341,1.9491930077697748,0
C072,31.883515165150985,93.43825476301924,79.79776455456454,23.41194487580138,4.957214915133314,0.9839883214780332,4.887048243761035,1
C057,37.86818898161821,98.44837321909075,85.0929285649613,20.577885609831885,4.971610386863688,1.0,6.687247044833866,1
N930,270.71561809608784,51.29586128904421,3.581496097750396,6.783635459905564,4.833776636298665,0.8884713881919847,1.5923099330888155,0
N780,267.2994859024903,37.87231687386099,24.600351103628554,5.735183321489846,4.517696575899574,0.8848389185221159,1.5691197091896552,0
N201,240.97134587643836,62.25584582024277,8.621949122234494,5.9467690750157765,4.585540154670197,0.8492704720302341,1.7085107477596446,0
N135,220.99886437766972,52.46717143462881,6.683692275175785,5.637165206362419,4.80483254950567,0.7816097287284528,1.5695644486119011,0
C052,53.580133352746735,93.94380427498814,82.06457243438949,19.71530322268798,5.119759445437234,1.0,5.579044161946346,1
N041,258.8974498518962,63.29366864443112,5.335788785478618,7.096406586900423,4.026634750318524,0.8856702300660271,1.4764709031169836,0
C018,44.13352214664009,98.30420331257749,87.59705482720962,15.85175593581897,5.044998637156256,0.9909582733182696,6.8869985357282575,1
N231,231.18795708795395,22.382049371676253,14.626596572045727,7.111228150317483,4.386006254563939,0.8924269903389781,1.0065352224194632,0
N379,227.5511751025916,57.91492584661332,18.732544347006183,7.457867886666142,4.715316050727714,0.8386787244320612,1.065881055492535,0
N289,197.8493499361093,51.3045681117078,26.6349461818498,7.438761786926256,4.687627420519571,0.8989284804995342,1.8007639991519762,0
N419,262.1185905923965,58.74391857974322,18.506520850308185,7.862155785698221,5.039283287293719,0.855977245493478,1.3436328774735855,0
N392,249.79691766362043,53.56708069244773,26.45219769391961,4.497144007822545,4.799555224996068,0.9594689968381748,0.5375493708396222,0
N593,226.97560214933176,45.0448109284708,12.703024342923475,8.522304236343672,4.056835080963172,0.838247469184351,1.6526343613260035,0
C087,59.08231776004267,99.51307342104695,86.45559899307916,17.44522518980728,4.873665238580428,1.0,6.169723965709334,1
N648,276.0267129683047,43.56072572740966,11.437037978074168,5.437841599369667,4.400100048218572,0.8278739915921186,1.3168839651631146,0
N521,218.10579444305824,78.45010325958467,22.065690774290672,4.637795222566847,4.309257030201155,0.8104790082182697,1.4963862703780744,0
N065,295.4631512695352,49.82034408673543,34.194822896560794,5.094510346970502,4.206461737170898,0.8965110984217841,1.552504183208001,0
N015,266.147625043482,50.10167783633335,18.14688847764513,5.171623734744513,4.654221401756128,0.8595691557391762,2.684009030094061,0
C065,38.219564890385456,93.6338314624397,91.57129612917596,21.05856111288931,5.197218372894653,0.9976321678774772,5.348401235120875,1
N493,194.4151006620872,65.90982309254848,14.678430612129656,6.070503990328702,4.590193632027734,0.7905837355256459,1.782859843733989,0
N380,235.32612915804492,63.27684598897516,20.88879578071441,5.930111597920835,4.365349385372928,0.794665084548141,1.1496568038384265,0
N188,274.6451095092132,39.53211170565908,19.48679227028743,5.540934087663701,4.262798561465919,0.8175668986157583,1.9891410623446264,0
N764,242.2678609610524,43.31949232170682,24.04378166817368,5.609470433157722,5.010872676570355,0.8845649650255382,2.0120731779012155,0
N217,270.031492415136,57.0175168675493,22.1150479442986,3.38734907332432,4.387076155116604,0.9058598143409612,1.7130797366990749,0
N792,216.91161781220163,52.199874030199744,24.465538861672947,5.37120710943092,4.434318380871907,0.874663579023669,1.6533263013881347,0
C077,33.64793323798924,98.47191689934566,85.96317507652401,18.2810069704362,4.989171336923445,1.0,4.401710000417538,1
N879,254.58309894634425,56.92418224884224,24.50308608335398,5.129511711482572,4.963357898226006,0.8066768926554413,1.7954697634116257,0
N338,194.16092627884197,71.80741784505715,14.208063696717216,6.533374276688856,4.5877397306505765,0.8916622196499704,0.0466125982470195,0
N720,164.44116079921042,46.61611667831285,16.5365251718585,4.823218100833099,4.613038015452412,0.6938643482856093,1.2354322009212106,0
N296,269.639423725889,42.26799782511013,15.532720743729737,6.801642536845733,4.133137411582331,0.8161639916370709,1.0770710926513416,0
C017,45.9641529836213,94.25822635617727,72.51050081242576,19.421286131009584,5.011374218128799,0.9886361261775852,7.544774972964355,1
N456,287.939561145035,58.942514650712845,14.502964995866382,4.320541298079803,4.945757879042352,0.8128344376127603,1.4751806915095085,0
N816,274.63636789986003,60.566009723742205,20.647473958720248,6.634433021583627,4.618133553918588,0.8625018076938806,1.535790660309051,0
N270,296.80923824116894,72.0641353615946,14.78546951650235,4.8322280269661855,4.394977479857989,0.9955383067266168,1.1063181315512542,0
N996,216.2507430665154,52.13988995568462,23.565861841982287,6.19340173220136,4.460840709655247,0.8059917802853324,1.4398950605008445,0
N202,256.4326664246402,55.92179100159503,24.727675893671535,6.636024647335635,4.763907697388318,0.8659990492700269,1.3208806700146298,0
N162,172.80774205766727,62.934860952583264,23.68878274504293,5.884974829871172,4.791834402295593,0.8826732520324373,2.146258416841431,0
N730,216.5057780299621,78.33291484200807,28.37399314674061,5.13000560778177,4.581824150531116,0.7854064475441588,1.690243311356624,0
N402,302.6476726453342,42.80216162376132,19.306581291049103,7.19913367192802,4.687270954244715,0.8877784765221088,1.4993980952920811,0
N703,280.94679053326047,42.21699551611159,30.23587065693085,6.596566275280459,4.61135897238895,0.8684265583192364,1.5790021207620448,0
C130,24.731743109802693,94.43016714550592,91.37140101959882,20.95531678498108,4.528555145643756,0.9928929368001104,7.731442929843786,1
N566,250.92893835631224,60.34142759675046,14.520996658928444,6.291319000245229,4.605040741546877,0.8148129420193136,1.6812455340721684,0
C022,51.437460556750665,92.0096244471348,85.62449365586505,20.40756898780094,5.074182982558497,0.9832757186282688,6.96839870957462,1
C026,55.86014359466768,96.29128667526216,92.76367277705005,15.85038919444388,4.658911975563433,1.0,5.237860954139334,1
C105,38.70978184829954,98.37107246021132,85.3089271181857,21.15889818766639,5.11840439411934,0.990596127073594,6.810908210954619,1
N206,210.0154575029676,66.1496912330451,9.092743219185255,6.555418486955822,4.487731334249023,0.8755179174962243,1.6799586764356174,0
N035,215.99038662940967,68.7231261435827,15.93286079092604,6.623452947552354,4.154452424137191,0.7959050092449846,1.604181460573311,0
N776,235.6175084727288,68.9222892501079,23.273769245238515,5.716768864257041,4.503103450099766,0.963902321863518,1.766774375569319,0
N509,235.18331107169695,72.71879442437358,25.288256598382823,5.52816571826383,4.295266745501903,0.9113128491350876,1.933426777237563,0
C184,41.34256438390899,93.05758328725986,80.11145322422853,16.85725725813494,5.176462923812216,0.9936428484981588,4.795690603486174,1
N092,302.9002251863399,72.4554317745006,18.735304316992337,5.549839387113149,4.863229567625282,0.8593678744180666,1.074314694014649,0
N898,179.7365851074426,54.274369216612506,25.990969976088365,6.24732651369879,4.220856576389286,0.7717170527470669,1.9539191909428089,0
N565,248.9781805445356,57.05576415191351,9.330502067483998,8.139493874948943,4.04906115750244,0.7726800663244362,1.1348412787089557,0
N777,192.57649733787844,60.18470493093626,11.079133085701036,4.541935717080594,4.5836663556537545,0.8913941046674277,1.8400392344457372,0
N242,219.20879904286,56.50490449658282,16.632672720725672,5.736215083316202,4.004053927912623,0.8864974225615478,0.922091643772854,0
N014,244.1479691178563,49.85793682072608,26.399014272444493,6.42963848913279,4.46603844818927,0.9227964559153572,1.4635328825478344,0
N316,259.43970331569,59.80922704758275,9.785360595351747,4.434489719916238,4.733347296778357,0.9054394233350715,2.558329160109214,0
N601,298.6858692450112,49.9959143479955,16.818692884742884,7.465492072589634,4.615983235213304,0.8192672010022078,1.4627305933462476,0
N388,206.27612584278543,61.01170205347592,24.855221505831864,5.601435473807638,5.016433165238523,0.7924921146205013,1.4076737227189895,0
N167,242.65002068763263,52.20036088605647,13.459485778532123,4.837536213300528,4.622915619606184,0.9352353427533392,1.2689948095173154,0
N841,272.9286781410194,37.65863980231748,11.526339593476896,3.991861298359912,4.6626821241786445,0.7793780808770532,1.4658703011489471,0
N021,303.69771427024506,51.79537184285139,14.067264675281807,5.945650983728612,3.780340933479384,0.8249642867705749,1.9361788621127956,0
N647,219.43575106832168,58.22152094959868,9.13083477947405,7.834847457557025,4.205726639281044,0.8868290391275957,1.7167185060369894,0
C155,43.37803151116616,97.07564168558964,81.86341421191752,19.752363779587554,5.007529378693838,0.9800774385327824,6.374241144373685,1
N832,283.01095578329364,42.01423156357463,19.36716163837988,6.588127086908912,4.246330606851095,0.8732200227864388,1.669390426664345,0
N563,248.72251665617145,61.67033768532204,14.823440793493363,5.448051600107935,4.194813467035488,0.8577357317087058,1.3031920390866678,0
C171,41.079085297680535,95.33197575259732,81.93653391207515,22.27006458818995,4.726847920558591,1.0,8.46361407951788,1
N687,187.39949048767625,59.156745482650464,9.86686545571724,6.056388969112248,4.448943628969957,0.8858041653505278,1.0903623039869863,0
N958,186.9861595603018,61.14880631889637,17.930358515809345,5.807612514766079,4.108862662283519,0.732710043624311,1.4706231200075583,0
N190,203.32078374931805,54.204574367451215,41.05520684632586,6.4755190386022425,4.841517820824416,0.8616019972134004,0.8158538430500851,0
N976,209.19378605581684,52.22929851782269,16.962815036203864,6.109759940549017,4.320206044776356,0.8066012513633654,1.8145966933497464,0
N700,275.2831509671568,60.90050622314498,7.2477526004967,7.143518280553282,4.507901450221268,0.8744681776544685,0.6016552029340325,0
N511,280.25324382408644,50.54468762380191,16.584728196689984,6.466632967931599,4.272003317873999,0.814024460190897,1.6226390562244333,0
C083,31.807128868372573,92.2345917447078,88.31790501854333,19.80968553004287,4.923942879104891,0.995627554650973,7.623514606914114,1
N475,265.9268070977582,64.03221619720765,20.87891248205351,4.345115797735371,4.232522746877424,0.8759141870106986,1.6555953033247897,0
N857,238.34902396128405,56.02636915832738,14.55594887873199,5.4878997276734784,4.24069387280066,0.855940138862601,1.3887451837163776,0
N748,201.64158940651572,68.960651624082,34.063094073693584,6.424627031145612,4.5318235065995305,0.9192722283725464,2.287324308655947,0
N253,259.5492853101445,55.368204662024674,9.152683057794718,6.923266605571576,4.4483853562015625,0.8387763840667667,1.3680606340342754,0
N022,222.77609838432977,49.34579371785426,22.236306245981066,6.909984523286041,4.872357554722022,0.8377067824048976,1.3456071952651614,0
N460,315.4444153975935,68.76342547996406,5.800868177048823,5.053208728158664,4.3951607660472485,0.9531393619344528,0.8595092108281287,0
N277,314.8655729403692,49.65509260421088,21.00413493057825,6.020774068570172,4.564670070441959,0.8064433349575404,2.381842538536652,0
N956,269.2093256968111,58.72160676658471,15.093530186412488,7.471317701087544,4.353546676249338,0.8473912879926412,0.7845038241289597,0
N386,237.66715822888585,50.36311565685422,23.22398690331762,6.714186791747809,4.697529328580032,0.8174312258764851,1.365100345320344,0
N806,275.85902566670944,49.16547132262524,23.32763742200097,5.023015254927906,4.3291831362496005,0.9371066529161182,1.6414189199749694,0
N344,257.1090191226001,63.17168429292987,20.310789588397817,6.688237299798367,4.819863975164825,0.8150177452359892,0.6834171576490395,0
N770,237.50659272932887,49.61089159228108,15.16493877124439,5.413404319854752,5.335371900669849,0.8312214918576999,1.7039570045428332,0
N131,249.6172166209628,64.05387670684073,31.374345446664524,5.962535054897026,4.552417861530878,0.7945843868432834,1.673941072407547,0
N872,348.30185711375907,56.22144114583359,21.441306718363247,5.716225959800358,4.587742434106828,0.8183384043942298,1.341074093153691,0
C124,53.81717629698288,92.2746307728128,80.34755167977352,20.740440488239685,4.661727562846516,0.9926888263360502,8.242848318906411,1
N088,304.39095364998,49.80592055165923,16.52716435571682,5.851295387003874,4.660883496575747,0.8001891854285295,1.1136360928456188,0
N331,264.4323829595578,56.875539405576745,19.69667033692752,6.181941998355111,4.413240729799647,0.9057919188065652,1.5905153937336918,0
N467,205.6016435630762,56.467741343800775,25.26175993938117,6.551953882729469,3.8410798175154417,0.8254158859652879,1.7371832096589137,0
N122,259.8264791765227,48.08657944544933,9.230941195493536,6.099405755595384,4.763621131118216,0.8205456065857492,1.463061124720782,0
C045,51.39835011651255,91.95623030027292,99.67385337663887,15.049834078611934,5.157202472376242,1.0,6.190011267603197,1
C096,47.63792415819525,96.63716055014,78.81001250487006,23.31657644827877,5.115396841132614,0.9831782660928412,6.75877904266643,1
C131,41.69911928184793,90.92025016752456,76.6637188570074,20.416508391875617,5.118301091369601,0.976255791245792,8.937108165956491,1
N861,234.68604956601192,50.72685016788297,20.40534769916957,6.038111483363905,4.51671678625919,0.948104238519742,2.5280476142645547,0
C127,47.47365150471734,94.2436027757088,94.5535687101272,19.29539101474135,5.248234874415012,0.9938476321211516,5.994718395259802,1
N764,247.57990229363634,41.44382420328483,23.95753484994672,5.436639810011523,4.866541550958556,0.8658544606702183,1.9665427373396753,0
N644,207.73040103634077,49.48602745792336,17.145949500612215,6.996342429580347,4.59722651566627,0.8856450626550151,1.5699347422812961,0
N894,199.7205786380006,59.99938477342246,23.04657232387674,4.8524050271788495,4.436502787479925,0.8374557444006513,2.1670681014518802,0
N044,244.90093248637686,66.09763998731839,24.608311797690657,4.318121967672016,4.643199646605017,0.7646816339425793,1.334516985789993,0
N687,187.16723706621116,60.04694647879608,9.904869542326546,6.183554713809337,4.496449513947975,0.9055547669068627,1.1099864830444253,0
N840,247.39105901066966,60.60571282629659,27.022139354597073,4.149912930833124,4.8059125736138775,0.8699050677442912,1.626631849625627,0
N373,184.85650191172135,62.57719295945375,27.84744197399854,5.733331199458389,4.068979733656055,0.7589127440702996,1.1861433512832915,0
C141,49.24396457745793,95.36919163580566,86.21401393288414,23.589768806664445,5.2627012948505465,1.0121652784802964,7.552489404727234,1
N536,272.429412033221,52.12723696138105,21.633359383686013,5.6753616094286645,4.346086313728351,0.8834268893314744,0.7454962267850852,0
N046,280.4533489324911,41.70324390679296,18.90938068753754,6.832352433395081,3.940771466515382,0.8126810988984078,1.191703682982841,0
N393,292.3778423768994,32.32711853995951,4.791797083559224,5.339841061688487,4.7826189993894515,0.8162665434277819,2.178158128461479,0
N219,209.04383667951234,67.4174854422327,14.802515489139285,4.293138665737157,4.5230904466192134,0.795710862767019,2.4029635433115897,0
N330,250.84159973517055,52.18782077061622,20.377434975518256,4.930460906216477,3.9277644101297677,0.8713230530650576,0.6553842839027302,0
C081,48.35568433234681,96.475149170718,75.29191419760281,20.650929138028154,5.1485594300385475,0.9740662195126311,6.104393569689538,1
N883,279.33199838893205,44.3844670262023,34.1102162844675,5.784464105993412,4.57815595050565,0.7870108237636034,1.5541066377563197,0
N615,277.8254738929208,59.98516002094005,18.234961426774447,6.96704060205835,4.766501088748328,0.8744415141918618,1.5822349384681902,0
N568,247.54632692673692,52.15193148112388,19.152656790732973,7.482050664892925,4.750910380832295,0.8415715109313914,1.7610023049250312,0
N013,301.1949518411233,36.98945248539569,22.99085578110163,4.773120993146067,4.1987937988760144,0.9167399934726342,1.3335445963883088,0
N127,218.44998616188414,64.81549087399495,22.754107365554557,6.085163783532086,4.934822879006817,0.8784351472485168,2.5632224953043297,0
N805,286.0957084137818,66.30304308915966,17.13960838142755,5.66831162097251,4.11444711954895,0.8253042653896768,1.4438630464081634,0
C095,35.35019326440917,96.51189309824329,72.39481399582107,21.003233295466977,4.861378500776482,0.9780176160972823,5.971736486006334,1
N991,296.42340909447483,73.58990250778739,19.226749567278507,5.613346768524664,4.580894216554608,0.8517618418753444,0.7657535883103871,0
N838,221.37808514001776,51.837998785792884,0.0,6.426631714638974,4.291897360993308,0.7954104847726208,2.0081449793538724,0
N276,213.81382242748754,60.990614435133025,20.288993915758848,6.829812303010468,4.7714904794022965,0.887497978158728,1.467808878726917,0
N842,246.3641181126168,57.43210338696228,16.614119544224028,7.081738254753299,4.662881196564035,0.9110512661744552,0.8855226592506981,0
